Wie sind die weltweiten Fallzahlen von Corona?;01.10.globalCovid_spread
Wie werden @covid-Fälle gezählt? ;01.10.globalCovid_spread
Geht es anderen Ländern mit @covid besser? ;01.10.globalCovid_spread
Wie viele @covid-Patienten gibt es in der Welt? ;01.10.globalCovid_spread
Werden @covid-Zahlen auf die gleiche Weise gezählt?;01.10.globalCovid_spread
Wie sehen die Statistiken über die Krankheit aus?;01.10.globalCovid_spread
Wie hoch ist der Infektionsgrad in Italien?;01.10.globalCovid_spread
Wo finde ich die neuesten Fallzahlen zu @covid?;01.10.globalCovid_spread
Wie ist die Entwicklung von @covid in Italien? ;01.10.globalCovid_spread
Wie kann man die weltweite Entwicklung von @covid verfolgen?;01.10.globalCovid_spread
Wie viele Menschen sind weltweit erkrankt?;01.10.globalCovid_spread
Handelt es sich bei den Fallzahlen nur um getestete Fälle?;01.10.globalCovid_spread
Wie werden @covid-Statistiken in Deutschland erstellt?;01.10.globalCovid_spread
Wo ist @covid bereits überall?;01.10.globalCovid_spread
Wie kann ich den weltweiten Verlauf von @covid herausfinden?;01.10.globalCovid_spread
Wie viele Menschen sind auf der Welt gestorben?;01.10.globalCovid_spread
Wo wurde eine @covid-Infektion nachgewiesen?;01.10.globalCovid_spread
Ist @covid überall vorhanden?;01.10.globalCovid_spread
Wie hoch ist der Grad der Kontamination?;01.10.globalCovid_spread
Wie ist die Entwicklung von @covid Infizierten weltweit?;01.10.globalCovid_spread
Gibt es Länder die nicht betroffen sind;01.10.globalCovid_spread
Können @covid-Zahlen aus zwei Ländern verglichen werden?;01.10.globalCovid_spread
Wo finde ich Informationen über @covid weltweit?;01.10.globalCovid_spread
Wie hoch ist der Grad der Kontamination in Europa?;01.10.globalCovid_spread
Wie viele Personen sind infiziert mit @covid?;01.10.globalCovid_spread
Ist @covid eine Epidemie?;01.11.globalCovid_pandemic
Die WHO hat den Status einer globalen Pandemie erklärt. Was bedeutet dies in der Praxis?;01.11.globalCovid_pandemic
Was ist eine Pandemie?;01.11.globalCovid_pandemic
Was bedeutet Pandemie?;01.11.globalCovid_pandemic
Was sind die Kriterien für eine Pandemie?;01.11.globalCovid_pandemic
Wie wird eine Pandemie definiert?;01.11.globalCovid_pandemic
Was ist mit einer Pandemie?;01.11.globalCovid_pandemic
Ist @covid eine Pandemie?;01.11.globalCovid_pandemic
Was ist Unterschied Pandemie und Epidemie?;01.11.globalCovid_pandemic
Was ist eine Epidemie?;01.11.globalCovid_pandemic
Was ist der Unterschied zwischen Epidemie und Pandemie?;01.11.globalCovid_pandemic
Warum redet man von Pandemie ?;01.11.globalCovid_pandemic
Was bedeuten die Dimensionen einer Pandemie?;01.11.globalCovid_pandemic
Woher kommt @covid?;01.1.aboutVirus_WhatIsIt
Wie kam @covid ins Land?;01.1.aboutVirus_WhatIsIt
Ist @covid dasselbe wie MERS?;01.1.aboutVirus_WhatIsIt
Was ist @covid?;01.1.aboutVirus_WhatIsIt
Wie viele Länder sind von @covid betroffen?;01.1.aboutVirus_WhatIsIt
Wurde der Ursprung von @covid  identifiziert?;01.1.aboutVirus_WhatIsIt
Was ist der Unterschied zwischen @covid und der Grippe?;01.1.aboutVirus_WhatIsIt
Was ist der Unterschied zwischen @covid und Coronavirus.;01.1.aboutVirus_WhatIsIt
Wenn wir über @covid sprechen, was meint man genau?;01.1.aboutVirus_WhatIsIt
Wann wurde die Pandemie ausgerufen?;01.1.aboutVirus_WhatIsIt
Wo wurde @covid entdeckt?;01.1.aboutVirus_WhatIsIt
Was weiss man über Covid?;01.1.aboutVirus_WhatIsIt
Was ist das Coronavirus oder COVID-19?;01.1.aboutVirus_WhatIsIt
Ist @covid dasselbe wie die Grippe?;01.1.aboutVirus_WhatIsIt
Was genau ist @covid?;01.1.aboutVirus_WhatIsIt
Seit wann hat die Pandemie begonnen?;01.1.aboutVirus_WhatIsIt
Ist @covid dasselbe wie SARS?;01.1.aboutVirus_WhatIsIt
Was ist @covid?;01.1.aboutVirus_WhatIsIt
Was ist der Ursprung von @covid?;01.1.aboutVirus_WhatIsIt
Erzähl mir von @covid ;01.1.aboutVirus_WhatIsIt
Ich habe von covid-19 gehört. Was ist das?;01.1.aboutVirus_WhatIsIt
Das MERS ist wie der @covid?;01.1.aboutVirus_WhatIsIt
kann ich durch Kochen Familie anstecken?;01.2.aboutVirus_Transmission
Übertragung des Coronavirus auf andere;01.2.aboutVirus_Transmission
Gibt es Risiken im Zusammenhang mit Haustieren ?;01.2.aboutVirus_Transmission
Ist meine Katze infiziert?;01.2.aboutVirus_Transmission
Ist mein Hund infiziert?;01.2.aboutVirus_Transmission
Können Gesunde  das Virus übertragen?;01.2.aboutVirus_Transmission
Wie kann ich mich infizieren?;01.2.aboutVirus_Transmission
Kann man die Krankheit durch Wasser übertragen?;01.2.aboutVirus_Transmission
Wenn ich @covid habe und das Essen zubereite, kann ich es dann an meine Verwandten weitergeben?;01.2.aboutVirus_Transmission
Wie übertrage ich @covid?;01.2.aboutVirus_Transmission
Wie wird @covid verbreitet?;01.2.aboutVirus_Transmission
Wie wird das Virus verbreitet?;01.2.aboutVirus_Transmission
Wie bekommen die Menschen es?;01.2.aboutVirus_Transmission
Wo wird das Virus am meisten verbreitet?;01.2.aboutVirus_Transmission
Wenn ich wieder gesund bin, kann ich trotzdem andere anstecken?;01.2.aboutVirus_Transmission
Seit wann kann der Mensch andere anstecken?;01.2.aboutVirus_Transmission
Wird @covid durch Nahrung übertragen?;01.2.aboutVirus_Transmission
Verbreitet sich @covid durch Wasser?;01.2.aboutVirus_Transmission
Inwieweit wird das Virus in einem geschlossenen Raum übertragen?;01.2.aboutVirus_Transmission
Verbreitet sich @Covid durch die Luft?;01.2.aboutVirus_Transmission
Erzählen Sie mir von der Übertragung des Virus;01.2.aboutVirus_Transmission
Wie breitet sich die Seuche aus?;01.2.aboutVirus_Transmission
Wie werde ich mit @covid krank?;01.2.aboutVirus_Transmission
Kann man die Krankheit durch Nahrung bekommen?;01.2.aboutVirus_Transmission
Bin ich gefährdet?;01.3.aboutVirus_HighRiskGroups
Welche Gruppe ist am meisten gefährdet?;01.3.aboutVirus_HighRiskGroups
Bin ich als Dyalisepatient stärker gefährdet?;01.3.aboutVirus_HighRiskGroups
Wer gehört zur Risikogruppe?;01.3.aboutVirus_HighRiskGroups
Ist meine Großmutter stärker gefährdet als ich?;01.3.aboutVirus_HighRiskGroups
Ist @covid gefährlich?;01.3.aboutVirus_HighRiskGroups
Welche Gruppen von Einwohnern sind am meisten gefährdet?;01.3.aboutVirus_HighRiskGroups
Ist das Virus gefährlich für die Schwangerschaft?;01.3.aboutVirus_HighRiskGroups
Wer gilt als gefährdet?;01.3.aboutVirus_HighRiskGroups
Woher weiß ich, ob ich zur Risikogruppe gehöre;01.3.aboutVirus_HighRiskGroups
Gehöre ich zur Risikogruppe wenn ich Krebs habe?;01.3.aboutVirus_HighRiskGroups
Ist der Virus für Schwangere gefährlich?;01.3.aboutVirus_HighRiskGroups
Sind Menschen mit Krebs anfälliger?;01.3.aboutVirus_HighRiskGroups
Welche Menschen sind gefährdet?;01.3.aboutVirus_HighRiskGroups
Ich habe Krebs. Was bedeutet das für das Virus?;01.3.aboutVirus_HighRiskGroups
Mein Sohn hat Muskeldystrophie. Ist er gefährdet?;01.3.aboutVirus_HighRiskGroups
Wer ist gefährdet? ;01.3.aboutVirus_HighRiskGroups
Was sind die Risiken von @covid für schwangere Frauen?;01.3.aboutVirus_HighRiskGroups
Welche Gruppen sind gefährdet?;01.3.aboutVirus_HighRiskGroups
Wer ist gefährdet? ;01.3.aboutVirus_HighRiskGroups
Sind Kinder besser vor @covid geschützt als ältere Menschen?;01.3.aboutVirus_HighRiskGroups
Sind meine Großeltern gefährdet? ;01.3.aboutVirus_HighRiskGroups
Wer ist am meisten bedroht?;01.3.aboutVirus_HighRiskGroups
Inwieweit sind ältere Menschen stärker gefährdet?;01.3.aboutVirus_HighRiskGroups
hat man als Krebspatient eine höhere Wahrscheinlichkeit zu sterben?;01.3.aboutVirus_HighRiskGroups
Wann treten die  ersten Symptome auf?;01.4.aboutVirus_Incubation_Period
Wie lang ist die Inkubationszeit?;01.4.aboutVirus_Incubation_Period
Inkubationszeit;01.4.aboutVirus_Incubation_Period
Was ist die Inkubationszeit?;01.4.aboutVirus_Incubation_Period
Inkubation von @covid?;01.4.aboutVirus_Incubation_Period
Wie lange dauert es bis die ersten Symptoe auftreten?;01.4.aboutVirus_Incubation_Period
Inkubationszeit ;01.4.aboutVirus_Incubation_Period
Was ist die Inkubationszeit von @covid?;01.4.aboutVirus_Incubation_Period
Ist die Inkubationszeit 14 Tage oder weniger?;01.4.aboutVirus_Incubation_Period
Dauer der Inkubationszeit für @covid;01.4.aboutVirus_Incubation_Period
Mein Kollege wurde vor drei Tagen positiv auf Covid getestet.;01.4.aboutVirus_Incubation_Period
Wenn meine Familie und ich nach 14 Tagen keine Symptome haben, bin ich dann sicher?;01.4.aboutVirus_Incubation_Period
Wie lang ist die Inkubationszeit für @covid?;01.4.aboutVirus_Incubation_Period
Wie lange dauert es bis man Testresultate hat?;01.4.aboutVirus_Incubation_Period
Ich habe vor 2 Tagen mit einem Kollegen zu Mittag gegessen, der positiv getestet wurde;01.4.aboutVirus_Incubation_Period
Nach wie vielen Tagen weiss man ob man gesund ist?;01.4.aboutVirus_Incubation_Period
Wie lange dauert die Inkubation von @covid;01.4.aboutVirus_Incubation_Period
Wie lange dauert es bis ich weiss ob ich krank bin?;01.4.aboutVirus_Incubation_Period
Treten die ersten Symptome nach 5 oder 10 Tagen auf?;01.4.aboutVirus_Incubation_Period
Bin ich nach der Genesung noch ansteckend?;01.4.aboutVirus_Incubation_Period
Wie lange dauert die Inkubation des Virus?;01.4.aboutVirus_Incubation_Period
Nach wie vielen Tagen kann ich sicher sein, dass ich infiziert bin;01.4.aboutVirus_Incubation_Period
Wie lange dauert es bis zu den ersten symptomen;01.4.aboutVirus_Incubation_Period
Was ist die Inkubationszeit @covid?;01.4.aboutVirus_Incubation_Period
Kann das Virus mutieren?;01.5.aboutVirus_mutation
Wie viele Formen von @covid gibt es?;01.5.aboutVirus_mutation
Virenänderung;01.5.aboutVirus_mutation
Wie wird @covid transformiert?;01.5.aboutVirus_mutation
Was ist eine Mutation?;01.5.aboutVirus_mutation
Was sind die möglichen Mutationen des Virus?;01.5.aboutVirus_mutation
 stimmt es, dass sich das Virus verändert? Gibt es mehr als einen?;01.5.aboutVirus_mutation
Wenn man mit einem Stamm infiziert sind, ist man dann gegen alle immun?;01.5.aboutVirus_mutation
Warum gibt es mehrere Stämme?;01.5.aboutVirus_mutation
Ist @covid in jedem Land dasselbe?;01.5.aboutVirus_mutation
Wie viele Stämme gibt es?;01.5.aboutVirus_mutation
Mutation von @covid;01.5.aboutVirus_mutation
Was sind die Unterschiede zwischen den L- und S-Formen von @covid?;01.5.aboutVirus_mutation
Ist das Virus mutiert?;01.5.aboutVirus_mutation
Was ist der häufigste Stamm von @covid?;01.5.aboutVirus_mutation
Was ist der ursprüngliche Stamm von @covid?;01.5.aboutVirus_mutation
Erzählen Sie mir von der Mutation von @covid?;01.5.aboutVirus_mutation
Wie mutiert ein @covid? ;01.5.aboutVirus_mutation
Wir haben nicht alle den gleichen @covid-Virus. Wo liegen die Unterschiede?;01.5.aboutVirus_mutation
Verändert sich das Virus mit der Zeit?;01.5.aboutVirus_mutation
Gibt es verschiedene Arten von @covid ;01.5.aboutVirus_mutation
Wissen wir  wie der Covid mutiert ist?;01.5.aboutVirus_mutation
Wie ist der @Covid mutiert?;01.5.aboutVirus_mutation
Welche Mutationen hat @covid?;01.5.aboutVirus_mutation
Ist das Virus mutiert? ;01.5.aboutVirus_mutation
Wie wird sich @covid in den kommenden Wochen verändern?;01.6aboutVirus_futur
Sollte die Verbreitung von @covid begrenzt werden?;01.6aboutVirus_futur
Was zeigen internationale Studien?;01.6aboutVirus_futur
Können Wissenschaftler uns mit @covid projizieren?;01.6aboutVirus_futur
Wissen wir wie lang der Virus bleibt?;01.6aboutVirus_futur
Was wird aus @covid werden?;01.6aboutVirus_futur
Wie wird sich COVID-19 weiterentwickeln?;01.6aboutVirus_futur
Treten die schweren Fälle von @covid nur bei gefährdeten Menschen auf?;01.6aboutVirus_futur
Bei wem sind schwere Fälle aufgetreten?;01.6aboutVirus_futur
Welche Bevölkerung ist Studien zufolge von @covid betroffen?;01.6aboutVirus_futur
Was ist der Zweck der vom Präsidenten der Republik ergriffenen Massnahmen?;01.6aboutVirus_futur
Werden wir sterben?;01.6aboutVirus_futur
Werden junge Menschen davon betroffen sein? ;01.6aboutVirus_futur
Wird es eine zweite Welle des Virus geben, das auch junge Menschen befällt?;01.6aboutVirus_futur
Welche zukünftige Bevölkerung wird betroffen sein? ;01.6aboutVirus_futur
Wie können wir die Ausbreitungsgeschwindigkeit von @covid begrenzen?;01.6aboutVirus_futur
Was ist der Zweck der Begrenzung der Verbreitung von @covid?;01.6aboutVirus_futur
Wie sieht die Zukunft von @covid aus? ;01.6aboutVirus_futur
Wenn sich das Virus weiterentwickelt, können dann eher die Jungen sterben?;01.6aboutVirus_futur
Was wird in den nächsten Tagen für @covid geschehen?;01.6aboutVirus_futur
Wer ist in anderen Ländern mit @covid infiziert worden?;01.6aboutVirus_futur
Können junge Menschen @covid bekommen?;01.6aboutVirus_futur
Können junge Menschen schwere Formen von @covid entwickeln?;01.6aboutVirus_futur
Warum die Ausbreitungsrate von @covid begrenzen?;01.6aboutVirus_futur
Ist die gesamte Bevölkerung von @covid betroffen?;01.6aboutVirus_futur
Sind die Maßnahmen der Regierung radikal?;01.7.aboutVirus_CountryReady
Welche Maßnahmen ergreift Deutschland in Bezug auf @covid?;01.7.aboutVirus_CountryReady
Wer überwacht den Fortschritt von @covid?;01.7.aboutVirus_CountryReady
Welche Maßnahmen werden in Bayern gegen @covid ergriffen?;01.7.aboutVirus_CountryReady
Ist die Regierung bereit für @covid?;01.7.aboutVirus_CountryReady
Was hat die Regierung beschlossen?;01.7.aboutVirus_CountryReady
Wie geht Hamburg gegen @covid-19 vor?;01.7.aboutVirus_CountryReady
Tun wir genug?;01.7.aboutVirus_CountryReady
Und wie sieht es mit den Vorkehrungen aus, die Deutschland gegen @covid unternimmt?;01.7.aboutVirus_CountryReady
Reichen die Maßnahmen aus?;01.7.aboutVirus_CountryReady
Was unternimmt die Regierung gegen die Epidemie?;01.7.aboutVirus_CountryReady
Wie werden wir über die Entwicklung von @covid informiert?;01.7.aboutVirus_CountryReady
Tut die Kanzlerin genug?;01.7.aboutVirus_CountryReady
wie geht Deutschland mit @covid um?;01.7.aboutVirus_CountryReady
Hat Deutschland alle Maßnahmen zur Bekämpfung von @covid ergriffen?;01.7.aboutVirus_CountryReady
 hinkt Deutschland im Kampf gegen @covid hinterher?;01.7.aboutVirus_CountryReady
Welche Maßnahmen hat die deutsche Regierung ergriffen?;01.7.aboutVirus_CountryReady
Reagiert Deutschland ausreichend auf @covid?;01.7.aboutVirus_CountryReady
Gibt es kranke Menschen um mich herum?;01.8.aboutVirus_numbers
Sind dies die neuesten Zahlen?;01.8.aboutVirus_numbers
Wieviel Tote gibt es in Bayern?;01.8.aboutVirus_numbers
Wie ist die Totenstatistik in Deutschland;01.8.aboutVirus_numbers
Was sind die Fallzahlen in Hessen?;01.8.aboutVirus_numbers
Wie viele Fälle von @covid in Deutschland?;01.8.aboutVirus_numbers
Wie viele Kranke gibt es in Deutschland?;01.8.aboutVirus_numbers
Wie entwickelt sich die Kurve von Infizierten?;01.8.aboutVirus_numbers
Was sind die  @covid Notfall-Nummern?;01.8.aboutVirus_numbers
Wo kann ich @covid-Statistiken aus der ganzen Welt finden?;01.8.aboutVirus_numbers
Nimmt die Zahl der Infizierten ab oder zu?;01.8.aboutVirus_numbers
Gibt es in Deutschland Todesfälle durch @covid?;01.8.aboutVirus_numbers
Wie viele infizierte Menschen gibt es auf der Welt?;01.8.aboutVirus_numbers
Wie hoch ist die Belastung durch @covid in Deutschland?;01.8.aboutVirus_numbers
Wo sind die Fälle von @covid?;01.8.aboutVirus_numbers
Wie wird die Entwiclung von @covid gemessen?;01.8.aboutVirus_numbers
Wie hoch ist die Anzahl von @covid infizierten oder Toten;01.8.aboutVirus_numbers
Gibt es Fälle von @covid in der Ile de France?;01.8.aboutVirus_numbers
Wie viele Menschen sind infiziert?;01.8.aboutVirus_numbers
Wie viele infizierte Menschen gibt es in meiner Gegend?;01.8.aboutVirus_numbers
Wie viele Menschen sind positiv getestet? ;01.8.aboutVirus_numbers
Wie viele Menschen sind krank?;01.8.aboutVirus_numbers
In welchem Stadium befinden wir uns?;01.8.aboutVirus_numbers
Wie viele Risikogebiete von @covid gibt es in Deutschland?;01.8.aboutVirus_numbers
Gibt es bestätigte Fälle von @covid in der Ile de France?;01.8.aboutVirus_numbers
Gibt es in meiner Nähe irgendwelche Fälle?;01.8.aboutVirus_numbers
Wie lauten die neuesten Zahlen aus COVID-19?;01.8.aboutVirus_numbers
Wer liefert die Daten zu @covid in Deutschland?;01.8.aboutVirus_numbers
Wie ist die Statistik mit den Infizierten?;01.8.aboutVirus_numbers
Wieviele Menschen sind infiziert?;01.8.aboutVirus_numbers
auf welcher Webseite stehen die täglichen Fallzahlen?;01.8.aboutVirus_numbers
Wo finde ich die Fallzahlen zu @covid in Deutschland?;01.8.aboutVirus_numbers
Wo kann ich die offizielle Statistik zu @covid finden?;01.8.aboutVirus_numbers
Was soll ich tun, damit ich gesund bleibe?;02.1.Prevention_info
Wie kann ich mich schützen?;02.1.Prevention_info
Was ist die wirksamste Prävention?;02.1.Prevention_info
Wie hoch ist das Risiko dass mein Kind an COVID-19 erkrankt?;02.1.Prevention_info
Wirksame Prävention gegen @covid?;02.1.Prevention_info
Was sind die Schutz-Maßnahmen im Umgang mit anderen;02.1.Prevention_info
Wie kann ich sicher stellen, dass meine Familie gesund bleibt?;02.1.Prevention_info
Was ist die beste Prävention gegen @covid?;02.1.Prevention_info
Sollte ich Menschen meiden?;02.1.Prevention_info
Wie kann ich mich vor @covid schützen?;02.1.Prevention_info
Ist es überhaupt möglich, dass Virus zu meiden;02.1.Prevention_info
wie kann ich mich am besten schütze;02.1.Prevention_info
wie schütz ich mich am besten?;02.1.Prevention_info
wie vermeide ich andere anzustecken?;02.1.Prevention_info
Wie kann ich verhindern, dass ich krank werde;02.1.Prevention_info
Wie kann ich vermeiden, dass ich infiziert werde;02.1.Prevention_info
Wie kann ich mich schützen?;02.1.Prevention_info
Wie kann ich die Ausbreitung des Virus stoppen?;02.1.Prevention_info
Wie kann man die Kurve flach halten?;02.1.Prevention_info
Wie kann ich die Ausbreitung verhindern?;02.1.Prevention_info
Wie vermeide ich @covid?;02.1.Prevention_info
Was soll ich tun um die Ausbreitung des Virus einzudämmen?;02.1.Prevention_info
Was ist gute Prävention?;02.1.Prevention_info
Wie kann ich meine Familie vor der Verbreitung des Coronavirus schützen?;02.1.Prevention_info
Was wird mir bei @covid helfen?;02.1.Prevention_info
was soll ich alles tun, um mich zu schützen;02.1.Prevention_info
Tötet Alkohol das Coronavirus ab?;02.2.Prevention_desinfection
Soll ich mein Handy desinfizieren, wenn ich heim komme?;02.2.Prevention_desinfection
Kann ich Kuchen essen, ohne mich zu infizieren?;02.2.Prevention_desinfection
Welche Produkte sollte ich zur Desinfektion des Hauses nehmen?;02.2.Prevention_desinfection
putzmittel @Produkt;02.2.Prevention_desinfection
was tötet den Coronavirus ab?;02.2.Prevention_desinfection
man kann keine Desinfektionstücher mehr kaufen;02.2.Prevention_desinfection
Desinfizieren @Produkt;02.2.Prevention_desinfection
Wie soll ich putzen?;02.2.Prevention_desinfection
mit was kann ich desinfizieren?;02.2.Prevention_desinfection
Wie desinfiziere ich richtig?;02.2.Prevention_desinfection
Welche Oberflächen sollte ich zuerst desinfizieren?;02.2.Prevention_desinfection
Wie kann ich gegen COVID-19 desinfizieren?;02.2.Prevention_desinfection
Muss ich meine Wohnung regelmäßig reinigen;02.2.Prevention_desinfection
Kann ich zur Desinfektion von Oberflächen weißen Essig verwenden?;02.2.Prevention_desinfection
Kann ich Bleichmittel zum abtötten verwenden;02.2.Prevention_desinfection
Kann man sich durch das Berühren eines Einkaufswagens im Supermarkt anstecken?;02.2.Prevention_desinfection
Reicht Seife zum Desinfizieren aus?;02.2.Prevention_desinfection
Gibt es Desinfektionsmittel, die das virus abtöten?;02.2.Prevention_desinfection
Was ist der Unterschied zwischen Reinigung und Desinfektion?;02.2.Prevention_desinfection
Wie kann ich mich desinfizieren?;02.2.Prevention_desinfection
Wie reinige ich meine Wohnung richtig?;02.2.Prevention_desinfection
Wie werde ich den Virus in meinem Haus los?;02.2.Prevention_desinfection
Was sind die Desinfektionsmittel gegen @covid?;02.2.Prevention_desinfection
Wie wasche ich meine Hände mit Seife?;02.3.Prevention_howToWashHands
Wie kann man sich am besten die Hände waschen?;02.3.Prevention_howToWashHands
Wie wasche ich meine Hände richtig gegen @covid?;02.3.Prevention_howToWashHands
Ist Händewaschen gegen @covid wirksam?;02.3.Prevention_howToWashHands
Wie lange sollte ich mir die Hände waschen?;02.3.Prevention_howToWashHands
Wie schnell ist das Händewaschen?;02.3.Prevention_howToWashHands
Kann ich mir die Hände mit einer hydro-alkoholischen Lösung waschen?;02.3.Prevention_howToWashHands
Wie oft am Tag sollte ich mir die Hände waschen?;02.3.Prevention_howToWashHands
Waschen Sie Ihre Hände effektiv;02.3.Prevention_howToWashHands
Wie waschen Sie Ihre Hände richtig?;02.3.Prevention_howToWashHands
Wie waschen Sie Ihre Hände effektiv?;02.3.Prevention_howToWashHands
Ist die Seife von Marseille zum Händewaschen wirksam? ;02.3.Prevention_howToWashHands
Woher weiß ich ob ich mir die Hände richtig wasche?;02.3.Prevention_howToWashHands
Was sind die Tipps zum richtigen Händewaschen?;02.3.Prevention_howToWashHands
Wie kann ich mir am besten die Hände waschen?;02.3.Prevention_howToWashHands
Was ist die wirksamste Methode zum Händewaschen?;02.3.Prevention_howToWashHands
Wie oft sollte ich mir die Hände waschen?;02.3.Prevention_howToWashHands
Muss ich unter den Nägeln reinigen? ;02.3.Prevention_howToWashHands
Wann sollte ich mir die Hände waschen?;02.3.Prevention_howToWashHands
Effektive Reinigung und Handwäsche;02.3.Prevention_howToWashHands
Kann mich eine FFP3-Maske schützen?;02.4.Prevention_Mask
Muss ich eine Maske tragen?;02.4.Prevention_Mask
Schützt mich das Tragen einer Maske vor @covid?;02.4.Prevention_Mask
Hilt die Maske , wenn man bereits immun ist?;02.4.Prevention_Mask
Ich bin mit einem @covid-Träger in Quarantäne, muss ich eine maske tragen?;02.4.Prevention_Mask
Wird die Maske mich schützen?;02.4.Prevention_Mask
Muss ich beim einkaufen eine Maske tragen;02.4.Prevention_Mask
Warum ist das Tragen einer Maske nicht die richtige Antwort? ;02.4.Prevention_Mask
Sollte ich eine Maske verwenden oder nicht?;02.4.Prevention_Mask
Kann mich eine FFP2-Maske schützen?;02.4.Prevention_Mask
Ist die Maske notwendig um sich selbst zu schützen?;02.4.Prevention_Mask
Ist es empfehlenswert im supermarkt eine maske zu tragen?;02.4.Prevention_Mask
Wenn ich nicht krank bin muss ich dann eine maske tragen?;02.4.Prevention_Mask
Kann ich eine Maske wiederverwenden?;02.4.Prevention_Mask
Reicht eine Maske aus um sich zu schützen?;02.4.Prevention_Mask
Muss ich eine Maske tragen?;02.4.Prevention_Mask
Ist das Tragen einer Maske Pflicht, wenn man raus geht?;02.4.Prevention_Mask
Kann man Masken selbst nähen?;02.4.Prevention_Mask
Wo kann man Masken kaufen?;02.4.Prevention_Mask
Kann mich eine Maske vor VIDOC-19 schützen?;02.4.Prevention_Mask
Welches sind die verschiedenen Arten von SChutzmasken;02.4.Prevention_Mask
Warum ist eine Maske nicht die richtige Antwort für Schutz?;02.4.Prevention_Mask
Wird das Tragen der Maske im Freien empfohlen?;02.4.Prevention_Mask
Kann ich jede Art von Handschuhen verwenden?;02.5.Prevention_Gants
Muss ich Handschuhe tragen?;02.5.Prevention_Gants
Warum ist das Tragen von Handschuhen die falsche Antwort? ;02.5.Prevention_Gants
Kann ich bereits getragene Handschuhe wiederverwenden?;02.5.Prevention_Gants
Können Handschuhe mich vor VIDOC-19 schützen?;02.5.Prevention_Gants
Wird das Tragen von Handschuhen im Freien empfohlen?;02.5.Prevention_Gants
Muss ich Handschuhe tragen beim einkaufen?;02.5.Prevention_Gants
Ist es für Gesunde  wirksam, Handschuh zu tragen?;02.5.Prevention_Gants
Ist es obligatorisch, i mFreien Handschuhe zu tragen?;02.5.Prevention_Gants
Wird das Tragen von Handschuhen beim Einkaufen im Supermarkt empfohlen?;02.5.Prevention_Gants
Reichen Handschuhe aus , um sich zu schüten;02.5.Prevention_Gants
Ich lebe mit einem covid infizierten zusammen, muss ich hanschuhe tragen?;02.5.Prevention_Gants
Sind die Handschuhe wiederverwendbar?;02.5.Prevention_Gants
Muss ich Handschuhe tragen?;02.5.Prevention_Gants
Reichen Gummihandschuhe aus;02.5.Prevention_Gants
Werden die Handschuhe mich schützen?;02.5.Prevention_Gants
Schützt mich das Tragen von Handschuhen vor @covid?;02.5.Prevention_Gants
Wenn ich nicht krank bin,  muss ich dann Handschuhe tragen?;02.5.Prevention_Gants
Ich bin in letzter Zeit viel gereist. Was soll ich tun?;02.6.Prevention_ContactInfection
Ich kenne jemanden, der @covid hat, was soll ich tun;02.6.Prevention_ContactInfection
Ich habe Husten und Atembeschwerden. Was soll ich machen?;02.6.Prevention_ContactInfection
Wo kann ich weitere Informationen über @covid erhalten?;02.6.Prevention_ContactInfection
wie schützen, wenn man mit einem infizierten zusammenlebt?;02.6.Prevention_ContactInfection
Mein Mann ist infiziert. Was soll ich tun?;02.6.Prevention_ContactInfection
Wen kann ich für weitere Informationen anrufen?;02.6.Prevention_ContactInfection
Wann sollte ich die 116 117 anrufen?;02.6.Prevention_ContactInfection
Wo kann ich die Informationen finden?;02.6.Prevention_ContactInfection
Mein Partner ist infiziert. Bin ich in Gefahr?;02.6.Prevention_ContactInfection
Ich glaube ich bin infiziert;02.6.Prevention_ContactInfection
Ich glaub ich hab den virus;02.6.Prevention_ContactInfection
Ich bin mit einer infizierten Person in Ausgangssperre;02.6.Prevention_ContactInfection
Was sind die nützlichen Telefonnummern?;02.6.Prevention_ContactInfection
Wie lautet die gebührenfreie Nummer?;02.6.Prevention_ContactInfection
Wann sollte ich fieber messen?;02.6.Prevention_ContactInfection
Wen sollte ich anrufen wenn ich symptom habe?;02.6.Prevention_ContactInfection
Ich habe einen infizierten Mitarbeiter. Was ist zu tun?;02.6.Prevention_ContactInfection
Was soll ich tun wenn ich jemand kenn der den virus hat?;02.6.Prevention_ContactInfection
Wie lautet die Notfallnummer-Nummer?;02.6.Prevention_ContactInfection
"Ich komme gerade von einer Reise zurück und habe Fieber; was soll ich tun?";02.6.Prevention_ContactInfection
Ich hatte Kontakt zu einer mit dem Coronavirus infizierten Person.;02.6.Prevention_ContactInfection
Ich kenne eine infizierte Person;02.6.Prevention_ContactInfection
Was tun wenn ich mit einer infizierten person in Kontakt komme?;02.6.Prevention_ContactInfection
Ich habe mit einer infizierten Person zusammen gegessen.;02.6.Prevention_ContactInfection
Ich wohne mit einer Corona infizierten Person zusammen;02.6.Prevention_ContactInfection
"Ich habe Kontakt zu meinem kranken Nachbarn nebenan gehabt; was soll ich tun?";02.6.Prevention_ContactInfection
Ich war auf einem Konzert. Bin ich infiziert?;02.6.Prevention_ContactInfection
Mein Freund hat Fieber und hustet. Soll ich ihn in ein Zimmer sperren?;02.6.Prevention_ContactInfection
Ich war kürzlich in Italien unterwegs. Was soll ich tun?;02.6.Prevention_ContactInfection
Ich habe einen Verdacht. Wo anrufen?;02.6.Prevention_ContactInfection
Ich bin in der Pflege beschäftigt und mein Mann hat @covid;02.6.Prevention_ContactInfection
An wen kann ich mich wenden, wenn ich krank werde?;02.6.Prevention_ContactInfection
Wen sollte ich @covid kontaktieren?;02.6.Prevention_ContactInfection
Kann ich meinen Arzt anrufen?;02.6.Prevention_ContactInfection
Gibt es eine gebührenfreie Nummer?;02.6.Prevention_ContactInfection
Wo kann ich weitere Informationen über @covid finden?;02.6.Prevention_ContactInfection
Ich wurde von meinem Mann geschlagen.;02.7.Prevention_Violence
Mein Ehepartner schlägt die Kinder;02.7.Prevention_Violence
Mein Mann ist mir und den Kindern gegenüber gewalttätig ;02.7.Prevention_Violence
Mein Mann macht einen Entzug durch und er hackt auf mir rum...;02.7.Prevention_Violence
Ich bin ein Opfer von häuslicher Gewalt;02.7.Prevention_Violence
Meine Kinder wurden von meiner Freundin geschlagen...;02.7.Prevention_Violence
Mein freund schlägt mich;02.7.Prevention_Violence
Was ist wenn ich opfer von häuslicher gewalt bin?;02.7.Prevention_Violence
Es ist die Hölle. Mein Mann ist agressiv zu hause;02.7.Prevention_Violence
Meine Söhne verprügeln sich ständig.;02.7.Prevention_Violence
mein mann ist gewalttätig. Hilfe;02.7.Prevention_Violence
Was sind die Auswirkungen von Chloroquin auf @covid?;03.1.Treatment_vaccine
Wann werden wir einen Impfstoff bekommen?;03.1.Treatment_vaccine
Warum dauert die Entwicklung eines Impfstoffs so lange?;03.1.Treatment_vaccine
Ist Chloroquin ein Impfstoff gegen Covid-19?;03.1.Treatment_vaccine
Wer arbeitet an corona-Impfstoffen?;03.1.Treatment_vaccine
gibt es eine Impfung gegen @covid;03.1.Treatment_vaccine
kann man eine andere Impfung zur Bekämpfung von @covid verwenden?;03.1.Treatment_vaccine
Gibt es einen Impfstoff, der bereits untersucht wird`?;03.1.Treatment_vaccine
Wie schnell kann ein Impfstoff entwickelt werden?;03.1.Treatment_vaccine
Chloroquin gegen @covid?;03.1.Treatment_vaccine
Gibt es einen Impfstoff gegen @covid?;03.1.Treatment_vaccine
Gibt es einen Impfstoff gegen das Coronavirus?;03.1.Treatment_vaccine
Was braucht es zur Entwicklung eines Impfstoffs?;03.1.Treatment_vaccine
Wie lange wird es dauern bis man sich impfen kann;03.1.Treatment_vaccine
Wie lange wird es noch dauern bis es Medikamente gibt?;03.1.Treatment_vaccine
Werden außer Chloroquin noch andere Moleküle getestet?;03.1.Treatment_vaccine
Hydroxychloroquin versus @covid?;03.1.Treatment_vaccine
Gibt es eine Behandlung für dieses Virus?;03.1.Treatment_vaccine
Antibiotika für @covid?;03.1.Treatment_vaccine
Welches Land ist bei der Suche nach einem Impfstoff gegen @covid am weitesten fortgeschritten?;03.1.Treatment_vaccine
kann ich mich bei  @covid selbst behandeln?;03.2.info_treatment
Können alle Symptome von @covid behandelt werden?;03.2.info_treatment
Was ist die antivirale Behandlung des Coronavirus?;03.2.info_treatment
Was ist der Zweck der Behandlung von @covid?;03.2.info_treatment
Kann ich ein generisches antivirales Medikament für @covid einnehmen?;03.2.info_treatment
Was ist also die Behandlung für diese Krankheit?;03.2.info_treatment
Warum wird sie als unterstützende Behandlung bezeichnet?;03.2.info_treatment
Wie werden Menschen behandelt, die infiziert sind?;03.2.info_treatment
Gibt es eine Behandlung für @covid oder nur seine Auswirkungen?;03.2.info_treatment
Was ist die Behandlung des Coronavirus?;03.2.info_treatment
Welche Medikamente stehen für @covid zur Verfügung?;03.2.info_treatment
welche medikamente werden empfohlen bei koronaren Herzkrankheit ;03.2.info_treatment
Welche Symptome kann man durch Medikamente lindern;03.2.info_treatment
WENN ich @covid habe, was soll ich einnehmen;03.2.info_treatment
Gibt es eine Heilung für corona?;03.2.info_treatment
Ich habe eine Grippeimpfung. Bin ich immun;03.2.info_treatment
Welche Behandlung bekommen covid-patienten;03.2.info_treatment
Was ist die Behandlung des Coronavirus?;03.2.info_treatment
Wie kann ich mich selbst behandeln?;03.2.info_treatment
Ist die Behandlung generisch oder individuell für jede Person?;03.2.info_treatment
Ich habe Symptome einer Erkrankung an Covid-19?;03.3.Treatment_what_to_do_symptomes
Was ist wenn ich Krankheitssymptome habe?;03.3.Treatment_what_to_do_symptomes
Wie kann ich sie von normalen Erkältungen unterscheiden?;03.3.Treatment_what_to_do_symptomes
Kopfschmerzen, ist es @covid;03.3.Treatment_what_to_do_symptomes
Woher weiß ich, dass ich krank bin;03.3.Treatment_what_to_do_symptomes
Ich habe Fieber.;03.3.Treatment_what_to_do_symptomes
Ich habe hohe temperatur;03.3.Treatment_what_to_do_symptomes
Was sind die Symptome von @covid?;03.3.Treatment_what_to_do_symptomes
Wie weiß ein Mann, ob er infiziert ist;03.3.Treatment_what_to_do_symptomes
Symptome;03.3.Treatment_what_to_do_symptomes
Welche Symptome hat @covid ?;03.3.Treatment_what_to_do_symptomes
Atemnot;03.3.Treatment_what_to_do_symptomes
Bin ich infiziert? ;03.3.Treatment_what_to_do_symptomes
ich habe trockenen Husten;03.3.Treatment_what_to_do_symptomes
ReizHusten;03.3.Treatment_what_to_do_symptomes
Habe ich Covid-19 wenn ich atembeschwerden hab;03.3.Treatment_what_to_do_symptomes
Was sind die typischen Symptome dieser Krankheit?;03.3.Treatment_what_to_do_symptomes
"Ich habe Fieber; was soll ich tun?";03.3.Treatment_what_to_do_symptomes
Wie manifestiert sich @covid?;03.3.Treatment_what_to_do_symptomes
Was sind die Auswirkungen von COVID-19?;03.3.Treatment_what_to_do_symptomes
Ich habe Kopfweh . Bin ich infiziert?;03.3.Treatment_what_to_do_symptomes
Was tun wenn ich Covid habe?;03.3.Treatment_what_to_do_symptomes
Ich fühle mich krank.;03.3.Treatment_what_to_do_symptomes
Wie erkennen Sie @covid?;03.3.Treatment_what_to_do_symptomes
Wie kann ich wissen ob ich @covid hab;03.3.Treatment_what_to_do_symptomes
Was verursacht @covid?;03.3.Treatment_what_to_do_symptomes
Ich habe Husten, was tun?;03.3.Treatment_what_to_do_symptomes
Ich bin krank, was muss ich tun;03.3.Treatment_what_to_do_symptomes
Ich habe Fieber und Husten. Habe ich ein @covid?;03.3.Treatment_what_to_do_symptomes
Husten;03.3.Treatment_what_to_do_symptomes
Ich fühle mich nicht gut.;03.3.Treatment_what_to_do_symptomes
Habe ich das @covid?;03.3.Treatment_what_to_do_symptomes
Was sind die Hauptsymptome wenn ich  @covid hab;03.3.Treatment_what_to_do_symptomes
Ich glaube ich hab @covid ;03.3.Treatment_what_to_do_symptomes
Mir ist kalt und ich hab fieber;03.3.Treatment_what_to_do_symptomes
Ich habe schleimigen Husten. Bin ich infiziert?;03.3.Treatment_what_to_do_symptomes
Was sind die Unterschiede in den Symptomen zwischen der Grippe und @covid?;03.3.Treatment_what_to_do_symptomes
Was sind die Symptome des Coronavirus?;03.3.Treatment_what_to_do_symptomes
Habe ich ein Coronavirus? ;03.3.Treatment_what_to_do_symptomes
Was sind die Indikatoren?;03.3.Treatment_what_to_do_symptomes
Was sind die Symptome der Krankheit?;03.3.Treatment_what_to_do_symptomes
Ich habe Bauchschmerzen , kann es @covid  sein?;03.3.Treatment_what_to_do_symptomes
Bin ich krank?;03.3.Treatment_what_to_do_symptomes
Ich fürchte ich hab @covid ;03.3.Treatment_what_to_do_symptomes
Wo kann man den Coronavirus-Test bestellen?;03.4.Treatment_screening
Brauche ich eine ärztliche überweisung um gestestet zu wreden?;03.4.Treatment_screening
Ist es möglich während der inkubation den @covid  zu testen?;03.4.Treatment_screening
Warum nicht alle Patienten mit Symptomen testen?;03.4.Treatment_screening
Was @covid für Indikatoren hat;03.4.Treatment_screening
Abschirmung @covid19;03.4.Treatment_screening
Wie werde ich getestet?;03.4.Treatment_screening
Test @covid19;03.4.Treatment_screening
muss ich zum Arzt;03.4.Treatment_screening
Wie kann ich auf @covid zugreifen?;03.4.Treatment_screening
Soll ich ins Krankenhaus gehen?;03.4.Treatment_screening
Wie erfahre ich ob ich infiziert bin;03.4.Treatment_screening
Wie werde ich auf Coronavirus getestet?;03.4.Treatment_screening
Wie wird ein Test durchgeführt?  ;03.4.Treatment_screening
Ich bin in Gefahr;03.4.Treatment_screening
Ist es obligatorisch sich testen zu lassen;03.4.Treatment_screening
Wer muss sich testen lassen?;03.4.Treatment_screening
Kann es während der Inkubationszeit an @covid getestet werden?;03.4.Treatment_screening
Ich erfülle die Screening-Kriterien;03.4.Treatment_screening
Wo kann ich mich testen lassen?;03.4.Treatment_screening
Ist die Kontrolle von Reisenden obligatorisch?;03.4.Treatment_screening
Tests an @covid - wann ist der virus nachweisbar?;03.4.Treatment_screening
Muss ich in die Notaufnahme gehen?;03.4.Treatment_screening
Sollte ich mich testen lassen?;03.4.Treatment_screening
Ist das Testing obligatorisch? ;03.4.Treatment_screening
Lassen Sie sich testen;03.4.Treatment_screening
Ich muss mich testen lassen;03.4.Treatment_screening
Wo sind die Probenahmestellen?;03.4.Treatment_screening
Ist es notwendig sich testen zu lassen;03.4.Treatment_screening
Wo kann ich mich testen lassen? ;03.4.Treatment_screening
kann Test auf @covid auch in der Inkubation funktionieren?;03.4.Treatment_screening
Kann ich zu Hause testen?;03.4.Treatment_screening
Test @covd19 für wen?;03.4.Treatment_screening
An wen kann ich mich wenden wenn ich für @covid getestet werden möchte?;03.4.Treatment_screening
Wer sollte den @covid19-Test durchführen? ;03.4.Treatment_screening
Wie sieht die Strategie der Gesundheitsbehörden für Tests aus?;03.4.Treatment_screening
Ich möchte testen;03.4.Treatment_screening
Wie führe ich einen Test durch?;03.4.Treatment_screening
Mein Hausarzt hat einen Test verschrieben;03.4.Treatment_screening
Kann ich mich selbst testen?;03.4.Treatment_screening
Was soll ich tun bei atemnot?;03.5.Treatment_shortnessOfBreath
Ist eine Erhöhung der Atemfrequenz gleichbedeutend mit Kurzatmigkeit?;03.5.Treatment_shortnessOfBreath
Was bedeutet Kurzatmigkeit?;03.5.Treatment_shortnessOfBreath
Was sind normale Sauerstoffwerte im Blut?;03.5.Treatment_shortnessOfBreath
Wann ist Kurzatmigkeit?;03.5.Treatment_shortnessOfBreath
Was ist Atemnot?;03.5.Treatment_shortnessOfBreath
Was ist die Sauerstoffsättigung?;03.5.Treatment_shortnessOfBreath
Ich kann nicht mehr richtig atmen. Was soll ich tun?;03.5.Treatment_shortnessOfBreath
Ich habe Atembeschwerden. Was soll ich tun?;03.5.Treatment_shortnessOfBreath
Was soll ich tun wenn kurzatmig;03.5.Treatment_shortnessOfBreath
Was ist Kurzatmigkeit und wie reagiere ich darauf?;03.5.Treatment_shortnessOfBreath
Was sind die Symptome von Kurzatmigkeit?;03.5.Treatment_shortnessOfBreath
Wie erfahre ich meinen Sauerstoffgehalt?;03.5.Treatment_shortnessOfBreath
 was tun wenn jemand Atembeschwerden hat?;03.5.Treatment_shortnessOfBreath
wie weiss ich ob ich kurzatmig bin?;03.5.Treatment_shortnessOfBreath
Was ist Kurzatmigkeit?;03.5.Treatment_shortnessOfBreath
Was sollte ich tun wenn ich atemnot verspüre;03.5.Treatment_shortnessOfBreath
Ist Keuchen beim Atmen gleichbedeutend mit Kurzatmigkeit?;03.5.Treatment_shortnessOfBreath
Was ist ein pulsmesser?;03.5.Treatment_shortnessOfBreath
Was sollte ich bei @covid vermeiden?;03.6.Treatment_aggravatingFactors
Was kann die Infektion verschlimmern?;03.6.Treatment_aggravatingFactors
Mir werden nach der Operation entzündungshemmende Medikamente verschrieben und habe jetzt @covid;03.6.Treatment_aggravatingFactors
Was sind schädliche Medikamente?;03.6.Treatment_aggravatingFactors
Was sollte ich nicht einnehmen, wenn ich symptome hab;03.6.Treatment_aggravatingFactors
Wenn ich Kortison nehme, muss ich die Behandlung abbrechen?;03.6.Treatment_aggravatingFactors
Kann die Einnahme entzündungshemmender Medikamente die Infektion verschlimmern?;03.6.Treatment_aggravatingFactors
Wenn ich das @Virus habe, welche medikamente sind erlaubt;03.6.Treatment_aggravatingFactors
Gibt es irgendwelche Medikamente, die ich net nehmen soll?;03.6.Treatment_aggravatingFactors
Sollte ich aufhören mit entzündungshemmenden Medikamenten;03.6.Treatment_aggravatingFactors
WENN ich @covid habe, was soll ich einnehmen;03.6.Treatment_aggravatingFactors
Gibt es andere Tabletten, die covid-19 verschlimmern?;03.6.Treatment_aggravatingFactors
Muss ich mein Entzündungsmedikament ersetzen?;03.6.Treatment_aggravatingFactors
Was sind die erschwerenden Faktoren?;03.6.Treatment_aggravatingFactors
Sollte ich Ibuprofen einnehmen? ;03.6.Treatment_aggravatingFactors
Kann ich Ibuprofen einnehmen?;03.6.Treatment_aggravatingFactors
Sollte ich entzündungshemmende tabletten einnehmen?;03.6.Treatment_aggravatingFactors
Ich habe eine Kortison-creme genutzt. Ist es gefährlich diese weiter zu nehmen?;03.6.Treatment_aggravatingFactors
Sollte ich Kortison nehmen? ;03.6.Treatment_aggravatingFactors
Ich bin krank. Was muss ich jetzet tun?;03.7.Treatment_doctor
Hilfe bei der Diagnose;03.7.Treatment_doctor
Ich habe alle Symptome. Muss ich zum Arzt?;03.7.Treatment_doctor
In welchem Fall kann ich den notarzt anrufen?;03.7.Treatment_doctor
Was soll ich tun wenn sich meine Symptome mit Atembeschwerden verschlimmern?;03.7.Treatment_doctor
Was soll ich tun wenn der Test positiv ist;03.7.Treatment_doctor
Kann ich ins Krankenhaus gehen wenn ich alle symptome hab?;03.7.Treatment_doctor
Ich habe Atembeschwerden. Kann ich den Krankenwagen rufen?;03.7.Treatment_doctor
Was sollte ich tun wenn ich berufstätig bin und test positiv?;03.7.Treatment_doctor
An wen wende ich mich, wenn ich Corona hab?;03.7.Treatment_doctor
Ich habe COVID-19. Was soll ich tun;03.7.Treatment_doctor
Was soll ich tun bei husten und fieber?;03.7.Treatment_doctor
Ich bin krank. Kann ich noch zum artz gehen?;03.7.Treatment_doctor
Was sollte ich tun, wenn mein test auf Covid-19 positiv war?;03.7.Treatment_doctor
Ich habe @covid . Was sol ich tun;03.7.Treatment_doctor
Wird die Pharmaindustrie in der Lage sein  genügend Paracetamol und Arzneimittel herzustellen?;03.8.Treatment_shortage
Gibt es ein Problem mit dem Zugang zu Paracetamol?;03.8.Treatment_shortage
Werden uns die Medikamente ausgehen?;03.8.Treatment_shortage
Gibt es ein Problem beim Zugang zu Medikamenten?;03.8.Treatment_shortage
Wird es einen Mangel an Dolipran geben?;03.8.Treatment_shortage
Wird die Pharmaindustrie in der Lage sein,  die Arzneimittelversorgung sicherzustellen?;03.8.Treatment_shortage
Wird es einen Mangel an Paracetamol geben?;03.8.Treatment_shortage
Wird es genug Paracetamol geben für die Krise?;03.8.Treatment_shortage
Wird es einen Mangel an Dolipran geben?;03.8.Treatment_shortage
Wird  das Aspirin ausgehen?;03.8.Treatment_shortage
Gehen uns die Medikamente aus?;03.8.Treatment_shortage
Wird es genügend Medikamente geben?;03.8.Treatment_shortage
Gibt es einen medikamentemangel?;03.8.Treatment_shortage
Besteht die Möglichkeit eines Tablettenmangels?;03.8.Treatment_shortage
Was wissen Sie über das Anti-Malaria-Mittel?;03.9.Treatment_chloroquine
Ist Chroloquin wirksam gegen @covid?;03.9.Treatment_chloroquine
Chloroquin als Lösung?;03.9.Treatment_chloroquine
Was wissen Sie über das Anti-Malaria-Mittel?;03.9.Treatment_chloroquine
Es wird gesagt, dass der Malaria-Impfstoff ein Heilmittel ist. ;03.9.Treatment_chloroquine
Ist die Malariabehandlung bei @covid wirksam?;03.9.Treatment_chloroquine
Kann ich vorbeugend Chloroquin einnehmen?;03.9.Treatment_chloroquine
Was wissen Sie über Chloroquin?;03.9.Treatment_chloroquine
Warum ist Chloroquin immer noch nicht medizinisch behandelt worden? ;03.9.Treatment_chloroquine
Ist die Antimalariabehandlung bei @covid wirksam?;03.9.Treatment_chloroquine
Was ist Chloroquin? ;03.9.Treatment_chloroquine
Medien und Ärzte berichten  dass Malariabehandlungen Covid heilen.;03.9.Treatment_chloroquine
Mir wurde gesagt  dass Malariabehandlungen Covid heilen.;03.9.Treatment_chloroquine
Was ist Plaquenil?;03.9.Treatment_chloroquine
Was ist Hydroxychloroquin? ;03.9.Treatment_chloroquine
Kann ich durch die Einnahme von Chloroquin geheilt werden?;03.9.Treatment_chloroquine
Warum ist Chloroquin nicht zur Heilung verteilt worden? ;03.9.Treatment_chloroquine
Ist es hilfreich chloroquin zu kaufen?;03.9.Treatment_chloroquine
Kann ich Nivaquine einnehmen?;03.9.Treatment_chloroquine
Chloroquin das Wundermittel? ;03.9.Treatment_chloroquine
Ist Chloroquin wirklich ein Wundermittel?;03.9.Treatment_chloroquine
Ist es notwendig das malariamittel einzunehmen?;03.9.Treatment_chloroquine
eine gemeinsame Behandlung von Malaria zeigt Anzeichen von Wirksamkeit. Was weisst du darüber?;03.9.Treatment_chloroquine
Welche Dokumente werden für die Reise benötigt?;05.10.Confinement_ticket_processGlobal
Benötigen Lehrer, die Kinder von Pflegepersonal betreuen, einen passierschein;05.10.Confinement_ticket_processGlobal
Braucht man eine Bescheinigung, um rauszugehen?;05.10.Confinement_ticket_processGlobal
Muss ich den passierschein der Polizei zeigen, wenn ich kontrolliert werde;05.10.Confinement_ticket_processGlobal
Ist die Bescheinigung des Arbeitgebers gültig? ;05.10.Confinement_ticket_processGlobal
Sind bestimmte Personengruppen vom passierschein ausgenommen?;05.10.Confinement_ticket_processGlobal
Ich bin im Gesundheitswesen tätig. Brauch ein ein Passierschein?;05.10.Confinement_ticket_processGlobal
Wo kann ich das Bescheinigung des Arbeitgebers finden?;05.10.Confinement_ticket_processGlobal
Wo kann ich die Bescheinigung finden?;05.10.Confinement_ticket_processGlobal
Welches Dokument muss ich vorlegen, um zur arbeit zu gehen;05.10.Confinement_ticket_processGlobal
Welches Bescheinigung sollte ich verwenden, um raus zu gehen;05.10.Confinement_ticket_processGlobal
Ich möchte mein Zuhause verlassen, was ist zu tun?;05.10.Confinement_ticket_processGlobal
Ich muss mich um das Kind meiner Cousine kümmern. Wie kann ich das nachweisen?;05.10.Confinement_ticket_processGlobal
kann man den Passierschein auch digital verwenden?;05.10.Confinement_ticket_processGlobal
Welches Dokument muss ich zum Umzug vorlegen?;05.10.Confinement_ticket_processGlobal
Wie lade ich den passierschein herunter?;05.10.Confinement_ticket_processGlobal
Ich habe zu Hause keinen Drucker. Wie kann ich den passierschin drucken?;05.11.Confinement_attestation_details
Sind die Passierscheine erneuerbar? ;05.11.Confinement_attestation_details
Sind die Passierschine nur 1xgültig?;05.11.Confinement_attestation_details
Ein Freund kann nicht lesen. Wie geht das mit den Passierregelungen?;05.11.Confinement_attestation_details
Muss ich das Formular zum aktuellen Datum unterschreiben? ;05.11.Confinement_attestation_details
Kann ich meinen Passierschein digital zeigen?;05.11.Confinement_attestation_details
Kann ich mehrere Kästchen ankreuzen und meine Ausflüge zusammenfassen?;05.11.Confinement_attestation_details
Ich muss zum Arzt gehen, was muss ich auf der Bescheinigung ankruezen;05.11.Confinement_attestation_details
Kann ich mit Bleistift schreiben und radieren?;05.11.Confinement_attestation_details
Muss man den Zeitpunkt der Reise auf dem Formular angeben?;05.11.Confinement_attestation_details
Muss ich die Bescheinigung bei mir tragen?;05.11.Confinement_attestation_details
Muss ich das Datum auf dem Passierschein angeben? ;05.11.Confinement_attestation_details
Kann ich die Bescheinigung auf meinem handy vorlegen?;05.11.Confinement_attestation_details
Wie geht es Analphabeten? ;05.11.Confinement_attestation_details
Wie kann ich den Passierschein vorlegen?;05.11.Confinement_attestation_details
Muss ich die gesamte Bescheinigung kopieren oder kann ich einfach den Grund für meine Entlassung auf ein leeres Blatt Papier schreiben?;05.11.Confinement_attestation_details
Bedeutet der passierschein, dass ich immer mit einem ausweis rumlaufen muss?;05.11.Confinement_attestation_details
Wie fülle ich mein Passierschein aus? ;05.11.Confinement_attestation_details
Funktioniert das Zertifikat auf einem Smartphone?;05.11.Confinement_attestation_details
Kann ich mit Bleistift auf den passierschein schreiben? ;05.11.Confinement_attestation_details
kann man mehrere kreuzchen auf dem passierschein ankreuzen;05.11.Confinement_attestation_details
Muss man das Ding jeden Tag drucken oder nur einmal?;05.11.Confinement_attestation_details
kann es auf einem Mobiltelefon/Computer ausgefüllt und direkt von Ihrem Smartphone aus vorgelegt werden?;05.11.Confinement_attestation_details
Wie gehe ich mit Analphabeten um?;05.11.Confinement_attestation_details
Was genau bedeutet Ausgangssprerre?;05.1.Confinement_whatIsIt
Was ist Ausgangssprerre? ;05.1.Confinement_whatIsIt
Muss ein Patient in Quarantäne bleiben?;05.1.Confinement_whatIsIt
Was ist Ausgangssperre? ;05.1.Confinement_whatIsIt
Was tue ich in der Isolation?;05.1.Confinement_whatIsIt
Warum muss ich in Quarantäne;05.1.Confinement_whatIsIt
Was bedeutet Quarantäne?;05.1.Confinement_whatIsIt
Was sollte ich während der quarantäne tun?;05.1.Confinement_whatIsIt
Was  bedeutet Containment?;05.1.Confinement_whatIsIt
Was sind die Unterschiede zwischen Ausgangssperre und Quarantäne?;05.1.Confinement_whatIsIt
Was kann ich während der Isolation tun?;05.1.Confinement_whatIsIt
Was ist die maximale Dauer während der Ausgangssperre draußen zu bleiben?;05.2.Confinement_Rules_goingOut
Ist es möglich raus zu gehen?;05.2.Confinement_Rules_goingOut
Darf ich während der Ausgangssperre hinausgehen?;05.2.Confinement_Rules_goingOut
Darf ich zu meinem Arzt gehen?;05.2.Confinement_Rules_goingOut
Wie halte ich mich an die Regeln der Ausgangssprerre?;05.2.Confinement_Rules_goingOut
Kann ich für die Betreuung meiner Kinder reisen? ;05.2.Confinement_Rules_goingOut
Kann ich zu meinen Nachbarn gehen?;05.2.Confinement_Rules_goingOut
Kann ich laufen oder joggen gehen?;05.2.Confinement_Rules_goingOut
In welchen Fällen kann ich aus meiner Wohnung ausziehen?;05.2.Confinement_Rules_goingOut
Kann ich mir einen Film oder ein Spiel anschauen;05.2.Confinement_Rules_goingOut
Kann ich während der Ausgangssprerre am Strand laufen gehen?;05.2.Confinement_Rules_goingOut
Was kann ich in der quarantäne tun?;05.2.Confinement_Rules_goingOut
Welche Bewegungen sind erlaubt? ;05.2.Confinement_Rules_goingOut
Darf ich Sport treiben?;05.2.Confinement_Rules_goingOut
Wie sind die Regeln für die Quarantäne?;05.2.Confinement_Rules_goingOut
Kann mich jemand in Quarantäne besuchen?;05.2.Confinement_Rules_goingOut
Welche Bewegungen sind verboten? ;05.2.Confinement_Rules_goingOut
Kann ich eine medizinische Fachkraft besuchen?;05.2.Confinement_Rules_goingOut
Kann ich während der Ausgangssprerre in den Wald gehen?;05.2.Confinement_Rules_goingOut
Kann ich zu meinen Eltern fahren aufs Land?;05.2.Confinement_Rules_goingOut
Was sind die Regeln der Quarantäne?;05.2.Confinement_Rules_goingOut
Ich möchte ins Kino gehen ;05.2.Confinement_Rules_goingOut
Kann mein Freund mich in meinen Vierzigern besuchen und mir Lebensmittel bringen?;05.2.Confinement_Rules_goingOut
Kann mein Vater während des Einschlusses kommen und mir meine Medikamente bringen?;05.2.Confinement_Rules_goingOut
Kann ich mein Haus verlassen?;05.2.Confinement_Rules_goingOut
Ist es verboten an den Strand zu gehen?;05.2.Confinement_Rules_goingOut
Was sind die praktischen Regeln für die Quarantäne?;05.2.Confinement_Rules_goingOut
Kann ich Sport treiben?;05.2.Confinement_Rules_goingOut
Kann ich meinen Besuch während der Quarantäne akzeptieren?;05.2.Confinement_Rules_goingOut
Darf ich während des Ausgangssperre am waldrand spazieren gehen?;05.2.Confinement_Rules_goingOut
Kann ich Besuche während der Ausgangssprerre akzeptieren?;05.2.Confinement_Rules_goingOut
Kann man gruppensport treiben? ;05.2.Confinement_Rules_goingOut
Ich muss zu mienem Zweitwohnsitz. Geht das?;05.2.Confinement_Rules_goingOut
Kann mich jemand während der Ausgangssprerre besuchen?;05.2.Confinement_Rules_goingOut
Ich kann mir ein Fußballspiel ansehen;05.2.Confinement_Rules_goingOut
für welche Gründe darf ich raus?;05.2.Confinement_Rules_goingOut
Kann ich meinen Großeltern helfen?;05.2.Confinement_Rules_goingOut
Darf ich einen Spaziergang machen? ;05.2.Confinement_Rules_goingOut
Kann meine Familie mich während meiner Quarantäne besuchen?;05.2.Confinement_Rules_goingOut
Darf ich meinen Hausarzt sehen? ;05.2.Confinement_Rules_goingOut
Darf ich mit meinem Hund mehr als 2 km weit Gassi gehen?;05.2.Confinement_Rules_goingOut
Kann ich in mein Ferienhaus gehen?;05.2.Confinement_Rules_goingOut
Kann meine Familie mich während meiner Ausgangssprerre besuchen?;05.2.Confinement_Rules_goingOut
Wie komme ich zu meinem Ferienhaus im Süden?;05.2.Confinement_Rules_goingOut
Kann ich zu meiner Großmutter gehen und mit ihr scrabble spielen;05.2.Confinement_Rules_goingOut
Welche Reisen sind während der Ausgangssprerre erlaubt?;05.2.Confinement_Rules_goingOut
Sind Besuche während der Quarantäne erlaubt?;05.2.Confinement_Rules_goingOut
Kann ich in mein Ferienhaus gehen?;05.2.Confinement_Rules_goingOut
Ich bin zu Hause in Quarantäne;05.2.Confinement_Rules_goingOut
Wer darf mich besuchen ?;05.2.Confinement_Rules_goingOut
Warum ist Tennis nicht erlaubt;05.2.Confinement_Rules_goingOut
Wer darf  mich besuchen?;05.2.Confinement_Rules_goingOut
Mir ist nach Tennisspielen zumute. Darf ich das?;05.2.Confinement_Rules_goingOut
Sind Besuche während der Ausgangsperre erlaubt?;05.2.Confinement_Rules_goingOut
Wie lange wird die Ausgangssperre dauern?;05.3.Confinement_time
Wie lange muss man zu Hause bleiben?;05.3.Confinement_time
Wann endet die Ausgangssprerre?;05.3.Confinement_time
Wann wird die Ausgangssprerre beendet?;05.3.Confinement_time
@covid- wann kommen wir endlich raus?;05.3.Confinement_time
Wie lange muss ich in Isolation bleiben?;05.3.Confinement_time
Wann kommen wir aus diesem @covid heraus?;05.3.Confinement_time
Wann ist das offizielle Ende der Ausgangssperre?;05.3.Confinement_time
Wann ist die Quarantäne beendet?;05.3.Confinement_time
Wann ist das Ende von @covid?;05.3.Confinement_time
Wann endet der Covid?;05.3.Confinement_time
Wie lange wird die Ausgangssperre noch andauern? ;05.3.Confinement_time
Wann wird die Ausgangssperre enden?;05.3.Confinement_time
Wie lange muss ich in Ausgangssperre bleiben?;05.3.Confinement_time
Wann werden wir ausreisen dürfen?;05.3.Confinement_time
Ist Homeoffice während der Ausgangssperre erlaubt?;05.4.Confinement_Work
Was sollte mein Arbeitgeber tun, damit ich im HO arbeiten kann?;05.4.Confinement_Work
Kann ich zur Arbeit gehen?;05.4.Confinement_Work
Kann ich mit Verkehrsmitteln zur Arbeit fahren, wenn home office nicht geht?;05.4.Confinement_Work
Kann ich während der Ausgangsperre im home office arbeiten?;05.4.Confinement_Work
Kann ich zur Telearbeit zu Hause bleiben?;05.4.Confinement_Work
Was ist wenn Telearbeit oder home office nicht möglich ist;05.4.Confinement_Work
Kann ich während der Ausgangspaerre im HO telearbeiten?;05.4.Confinement_Work
Kann ich telearbeiten?;05.4.Confinement_Work
Kann ich von zu Hause aus arbeiten?;05.4.Confinement_Work
Ich kann nicht zu Hause arbeiten;05.4.Confinement_Work
Ist Home Office  die empfohlene Arbeitsmethode während der Ausgangsperre?;05.4.Confinement_Work
Ich kann nicht im Home office arbeiten.;05.4.Confinement_Work
Wie kann ich arbeiten, wenn ich unter Quarantäne bin.;05.4.Confinement_Work
Ich kann nicht per Telearbeit arbeiten.;05.4.Confinement_Work
Kann ich während der Ausgangsperre zur Arbeit gehen?;05.4.Confinement_Work
Wenn Home Office nicht geht, darf ich dann ins büro fahren?;05.4.Confinement_Work
Wird während der Ausgangsperre Telearbeit empfohlen?;05.4.Confinement_Work
Kann ich während der Quarantäne von zu Hause aus arbeiten?;05.4.Confinement_Work
Welche Dokumente muss ich dabei haben, wenn ich ins Büro fahre?;05.4.Confinement_Work
Ich stehe unter Quarantäne und kann nicht zur Arbeit gehen. Was muss ich tun?;05.4.Confinement_Work
Wie arbeite ich während der Ausgangsperre?;05.4.Confinement_Work
kann es passieren, dass die Läden in meinem Ort schließe;05.5.Confinement_food
Kann ich im Supermarkt oder im Lebensmittelgeschäft einkaufen?;05.5.Confinement_food
Riskiere ich eine Ansteckung beim einkaufen?;05.5.Confinement_food
sollte ich meine Lebensmittel online bestellen?;05.5.Confinement_food
Darf der Einzelhandel die Mengen rationieren?;05.5.Confinement_food
Werde ich nächste Woche Lebensmittel haben?;05.5.Confinement_food
Wie sicher ist der Abstand in den Warteschlangen?;05.5.Confinement_food
Zu welchen Zeiten kann ich meine Einkäufe erledigen?;05.5.Confinement_food
Es gibt keine Nudeln und Klopapier mehr. Wird die Versorgung die nächsten Wochen klappen?;05.5.Confinement_food
Besteht die Gefahr eines Bruchs der Lieferkette?;05.5.Confinement_food
Werden die Supermärkte während der Ausgangsperre geöffnet sein?;05.5.Confinement_food
 Kann ich im Supermarkt oder im Lebensmittelgeschäft einkaufen?;05.5.Confinement_food
Wird es Waren in den Läden geben?;05.5.Confinement_food
Verfügt Deutschland über einen Vorrat an Toilettenpapier?;05.5.Confinement_food
Werden bestimmte Lebensmittel rationiert werden?;05.5.Confinement_food
Haben die Lager der Geschäfte genügend Bestände?;05.5.Confinement_food
Kann ich meine Einkäufe während der Ausgangsperre erledigen?;05.5.Confinement_food
Gibt es einen Mangel an Toilettenpapier?;05.5.Confinement_food
Werden die Supermärkte gefüllt sein?;05.5.Confinement_food
Kann ich während der Ausgangsperre einkaufen?;05.5.Confinement_food
Ist es gefährlich einzukaufen zu gehen?;05.5.Confinement_food
Kann ich während der Ausgangssprerre einkaufen gehen?;05.5.Confinement_food
In den Lagern ist nichts mehr vorhanden !! wann werden sie wieder aufgefüllt ?;05.5.Confinement_food
Wie mach ich das mit den  Einkäufe?;05.5.Confinement_food
Beliefern die Transporteure weiterhin die Geschäfte ?;05.5.Confinement_food
Kann ich während der Sperrzeit Brot kaufen gehen?;05.5.Confinement_food
Warum kaufen alle Menschen Toilettenpapier?;05.5.Confinement_food
Kann ich mir meine Einkäufe liefern lassen?;05.5.Confinement_food
kann ich mich beim Einkaufen anstecken?;05.6.Confinement_school
Ist die Uni geschlossen?;05.6.Confinement_school
Sind Schulen geschlossen?;05.6.Confinement_school
Werden die Unis geschlossen ?;05.6.Confinement_school
Wie kann man Sohn sich aufs Abi vorbereiten wenn die Schule geschlossen ist;05.6.Confinement_school
Ich bin schlecht in Mathe, wie kann ich dem Sohn bei den Hausaufgaben helfen?;05.6.Confinement_school
Findet noch Schulunterricht statt?;05.6.Confinement_school
Ich bin Medizinstudent. Wie kann ich helfen?;05.6.Confinement_school
Sind die Universitäten geschlossen?;05.6.Confinement_school
Ich muss zur Schule gehen;05.6.Confinement_school
Bis wann sind Schulen und Universitäten geschlossen?;05.6.Confinement_school
Wird das Abi stattfinden?;05.6.Confinement_school
Wie kann ich meine Kurse während der Ausgangssprerre fortsetzen?;05.6.Confinement_school
Kann mein Kind zur Schule gehen?;05.6.Confinement_school
Was ist mit der Schule?;05.6.Confinement_school
Muss mein Kind zu Hause bleiben?;05.6.Confinement_school
Wie wird mein Sohn das Abitur schaffen?;05.6.Confinement_school
Wird das Abitur dieses Jahr ausfallen?;05.6.Confinement_school
wie kann ich das machen wo die Schulen zu sind?;05.6.Confinement_school
Findet Unterricht viruell statt?;05.6.Confinement_school
Wird Home Schooling organisiert werden?;05.6.Confinement_school
Wann werden die Schulen wieder geöffnet?;05.6.Confinement_school
Wann macht das gymnasium wieder auf?;05.6.Confinement_school
Kann ich in den Unterricht gehen?;05.6.Confinement_school
Kann ich während der Ausgangsperre zur Schule gehen?;05.6.Confinement_school
Wie informiert mich die Schule über die laufenden Neuigkeiten?;05.6.Confinement_school
Wie kann ich die Schule fortsetzen?;05.6.Confinement_school
Wie wird sich dies auf den Schulabschluss auswirken?;05.6.Confinement_school
Die Fachleute der Pflegeheims werden ebenfalls mobilisiert, um die Gewohnheiten zu ändern;05.7.Confinement_Senior
Die Situation in den Altenheimen wird dramatisch sein. Wie wird geholfen?;05.7.Confinement_Senior
Können ältere Menschen ausgehen?;05.7.Confinement_Senior
Müssen wir unseren Vater in seinem Pflegeheim suchen?;05.7.Confinement_Senior
Ist meine Mutter in dem Pflegeheim sicher?;05.7.Confinement_Senior
Gibt es genug Personal in den Altenheimen?;05.7.Confinement_Senior
Was sind die Massnahmen für ältere Menschen? ;05.7.Confinement_Senior
Empfehlungen für Menschen ab  70 Jahren;05.7.Confinement_Senior
Wie werden die Besuche in der Pflegeheim verwaltet?;05.7.Confinement_Senior
Darf ich meine Oma besuchen?;05.7.Confinement_Senior
Sind die Altersheime sicher?;05.7.Confinement_Senior
Wie sieht die Ausgangsperre für ältere Menschen aus?;05.7.Confinement_Senior
Kann ich eine ältere Person besuchen?;05.7.Confinement_Senior
Gibt es einen speziellen Plan zum Schutz der älteren Menschen?;05.7.Confinement_Senior
Wie leben ältere Menschen in Ausgangssprerre?;05.7.Confinement_Senior
Gibt es genügend Pflegepersonal in den Altersheimen?;05.7.Confinement_Senior
Gibt es einen Bedarf an mehr Pflegepersonal in den Hospizen?;05.7.Confinement_Senior
Was sind die Massnahmen für ältere Menschen?;05.7.Confinement_Senior
Sind Besuche bei isolierten älteren Menschen möglich?;05.7.Confinement_Senior
Kann meine Tochter ihren Opa besuchen?;05.7.Confinement_Senior
Wie kann ich meiner Oma helfen, die alleine lebt;05.7.Confinement_Senior
Ist es notwendig unsere Oma nach Hause zu holen?;05.7.Confinement_Senior
Werden in der Pflegeheim gemeinsame Mahlzeiten eingenommen?;05.7.Confinement_Senior
Wird der Postdienst für ältere Menschen aufrechterhalten?;05.7.Confinement_Senior
Kann mein Sohn zu seiner Großmutter gehen?;05.7.Confinement_Senior
Können beide Elternteile gleichzeitig beurlaubt werden?;05.8.Confinement_stopWorking
Was sind die Bedingungen, damit ein Elternteil beurlaubt wird;05.8.Confinement_stopWorking
Was muss mein Arbeitgeber tun, damit ich meinen Sohn beaufsichtigen kann;05.8.Confinement_stopWorking
Werde ich beurlaubt, damit ich meine Tochter betreuen kann?;05.8.Confinement_stopWorking
Ich muss meine Kinder betreuen. Wie gehe ich vor?;05.8.Confinement_stopWorking
Die Schule meiner Kinder ist geschlossen. Wie geht das jetzt mit der Arbeit?;05.8.Confinement_stopWorking
Wie kann ich die Einstellung der Kinderbetreuung beantragen?;05.8.Confinement_stopWorking
Muss ich mich wegen der Kinderbetreuung zuhause an die Krankenkasse wenden?;05.8.Confinement_stopWorking
Ich muss mich um meine Kinder kümmern und kann nicht arbeiten.;05.8.Confinement_stopWorking
Mein 18-jähriger Sohn ist behindert. Kann ich aufhören zu arbeiten?;05.8.Confinement_stopWorking
Wie betreue ich diese Kinder?;05.8.Confinement_stopWorking
Wie richte ich meine Arbeit zu Hause ein?;05.8.Confinement_stopWorking
Wie kann ein Elternteil von der Ausgangssperre profitieren?;05.8.Confinement_stopWorking
Ich habe ein 10-jähriges Kind. Was muss ich tun?;05.8.Confinement_stopWorking
kann ich eine Beurlaubung für Kinderbetreuung bekommen;05.8.Confinement_stopWorking
Ich habe ein Kind unter 16 Jahren. Kann ich von der Beurlaubung profitieren?;05.8.Confinement_stopWorking
Kann ich einen Urlaub für die Kinderbetreuung beantragen?;05.8.Confinement_stopWorking
Was sind die Rechte der Eltern behinderter Kinder?;05.8.Confinement_stopWorking
Kann ich mich mit der Kinderbetreuung mit meiner Frau abwechseln?;05.8.Confinement_stopWorking
Ich bin alleinerziehende Mutter. Darf ich aufhören zu arbeiten?;05.8.Confinement_stopWorking
Ich muss meine Kinder betreuen, darf ich mich beurlauben?;05.8.Confinement_stopWorking
Welches Verfahren muss der Arbeitgeber bei der Beendigung der Kinderbetreuung einhalten?;05.8.Confinement_stopWorking
Mein Mann kann die Kinder nicht betreuen. Kann ich eine beurlaubung beantragen?;05.8.Confinement_stopWorking
Wie lange ist die Sperre gültig?;05.8.Confinement_stopWorking
Was sind die Sanktionen, wenn ich rausgehe?;05.9.Confinement_violation
Führt die Polizei gründliche Kontrollen durch?;05.9.Confinement_violation
Was passiert wenn ich ohne Passierschein rausgehe;05.9.Confinement_violation
Kann die Polizei mich auf der Straße anhalten?;05.9.Confinement_violation
Wer kontrolliert Personen während der ausgangsperre?;05.9.Confinement_violation
Wem muss ich meine Reisegenehmigung vorlegen?;05.9.Confinement_violation
Wie hoch ist die Strafe? ;05.9.Confinement_violation
was sind die Bußgelder während der Ausgangssperre?;05.9.Confinement_violation
Was passiert wenn ich ohne Grund draußen bin?;05.9.Confinement_violation
Wie wird die Ausgangssperre durchgesetzt?;05.9.Confinement_violation
Wer kann mich kontrollieren?;05.9.Confinement_violation
was passiert wenn ich ein Bußgeld bekomme? ;05.9.Confinement_violation
Wie hoch ist das bußgeld, wenn ich zulange draussen bin;05.9.Confinement_violation
darf die polizei fragen ob ich eine Reisegenehmigung habe?;05.9.Confinement_violation
Ich hatte schon ein paarmal meinen passierschien nicht dabei. Ist das schlimm?;05.9.Confinement_violation
Wer kontrolliert Menschen in der Quarantäne?;05.9.Confinement_violation
Wie hoch sind die Geldstrafen, wenn ich einen Freund besuche;05.9.Confinement_violation
Sind die Bußgelder hoch?;05.9.Confinement_violation
Wie hoch ist die Strafe, wenn ich ohne Grund draußen bin;05.9.Confinement_violation
Wie hoch sind die Geldstrafen wenn ich aufs Land fahre;05.9.Confinement_violation
Riskiere ich Gefängnis wenn ich mehrfach gegen ausgangssperre verstoße;05.9.Confinement_violation
Welche Strafen drohen mir wenn ich eine party mache?;05.9.Confinement_violation
Welche Strafen bezahlen wenn ich mich mit Freunden in der Gruppe treffe?;05.9.Confinement_violation
Darf man innerhalb Deutschland reisen?;06.1.travel_ability
Ist es auch verboten innerhalb Europa zu reisen;06.1.travel_ability
Was sind die Regeln wenn ich eine Reise machen muss;06.1.travel_ability
Gibt es während der Ausgangssprerre Flüge ins Ausland?;06.1.travel_ability
Kann ich während der Ausgangssprerre ins Ausland gehen?;06.1.travel_ability
Wie lange werden die Grenzen geschlossen bleiben?;06.1.travel_ability
Wie kann ich Deutschland verlassen und im Ausland in Quarantäne gehen?;06.1.travel_ability
Kann ich im Ausland Urlaub machen?;06.1.travel_ability
Ich würde gerne meine familie in Italien besuchen. Geht das?;06.1.travel_ability
Kann ich vor der corona fliehen, wenn ich auf eine Insel gehe?;06.1.travel_ability
Was sind die geschlossenen Grenzen zu Deutschland?;06.1.travel_ability
Kann ich noch ins Ausland reisen?;06.1.travel_ability
Kann ich in meine zweite Heimat im Ausland reisen?;06.1.travel_ability
Ich möchte Deutschland verlassen. Gibts noch Flüge oder Züge;06.1.travel_ability
Kann ich zu meinem Wohnsitz in Spanien reisen?;06.1.travel_ability
Kann ich Deutschland verlassen?;06.1.travel_ability
Kann ich in ein Land außerhalb Europas fliegen?;06.1.travel_ability
Ich habe die doppelte Staatsbürgerschaft. Darf ich dann ausreisen?;06.1.travel_ability
Ist es wahr, dass alle Flughäfen zu sind?;06.1.travel_ability
Wie lauten die Reisebestimmungen?;06.1.travel_ability
Welche Länder haben ihre Grenzen geschlossen?;06.1.travel_ability
Wie lange sind die Grenzen geschlossen?;06.1.travel_ability
Ich habe ein Ticket nach Paris für morgen. Kann ich trotz der Sperre fliegen?;06.2.travel_backToGermany_WhenAndHow
Ich bin in Deutschland wohnhaft und im Ausland gestrandet. Was kann ich tun?;06.2.travel_backToGermany_WhenAndHow
Ich bin deutscher Staatsbürger und reise derzeit vorübergehend ins Ausland. Muss ich sofort nach Deutschland zurückkehren?;06.2.travel_backToGermany_WhenAndHow
welche Personen werden bei der Rückholung bevorzugt?;06.2.travel_backToGermany_WhenAndHow
Organisiert Deutschland die Rückholung seiner Staatsangehörigen?;06.2.travel_backToGermany_WhenAndHow
Ich musste vor 2 Wochen ins Ausland gehen. Wie komme ich wieder zurück?;06.2.travel_backToGermany_WhenAndHow
Ich befinde mich derzeit auf einer vorübergehenden Reise ins Ausland und warte auf einen Flug. Ich habe kein Hotel mehr. Wer kann helfen?;06.2.travel_backToGermany_WhenAndHow
Ich habe einen Flug nach Frankreich. Kann ich noch gehen oder soll ich lieber hierbleiben?;06.2.travel_backToGermany_WhenAndHow
Wie komme ich nach Deutschland zurück, wenn ich ins Ausland muss;06.2.travel_backToGermany_WhenAndHow
Ich habe bereits ein Ticket. Soll ich es stornieren?;06.2.travel_backToGermany_WhenAndHow
Ich bin Deutsche und muss ins Ausland. Werde ich zurückkommen können?;06.2.travel_backToGermany_WhenAndHow
Ich bin im Ausland. Komme ich in Quarantäne wenn ich zurückkehre?;06.2.travel_backToGermany_WhenAndHow
Wenn ich bereits im Ausland bin, kann ich zurück nach Detuschand?;06.2.travel_backToGermany_WhenAndHow
Muss ich jetzt wirklcih sofort zurück nach Deutschland?;06.2.travel_backToGermany_WhenAndHow
Ich bin in China und komm nicht weg. Wer hilft?;06.2.travel_backToGermany_WhenAndHow
Wie funktioniert die Rückführung deutscher Staatsangehöriger?;06.2.travel_backToGermany_WhenAndHow
Stimmt es, dass man zurückgeholt wird, wenn man im ausland ist?;06.2.travel_backToGermany_WhenAndHow
Gibt es Zeitfenster in denen die Rückführung passiert?;06.2.travel_backToGermany_WhenAndHow
Was soll ich tun wenn ein internationaler Flug während eines Anschlussfluges nicht gewährleistet ist und ich auf dem Flughafen in der internationalen Zone feststecke?;06.2.travel_backToGermany_WhenAndHow
Ich bin im Ausland  wann und wie komme ich nach Deutschland zurück?;06.2.travel_backToGermany_WhenAndHow
Ich bin in der Türkei und kann das Konsulat nicht kontaktieren;06.3.travel_backToGermany_Contact
Gibt es einen Kontakt zum Außenministerium für Franzosen im Ausland?;06.3.travel_backToGermany_Contact
Helfen Sie mir die Nummer der deutschen Botschaft in Dubai zu finden?;06.3.travel_backToGermany_Contact
wie ist die Nummer des deutschen Konsulats in Marokko?;06.3.travel_backToGermany_Contact
Welches sind die Anlaufstellen für Deutsche im Ausland?;06.3.travel_backToGermany_Contact
Wo finde ich die Kontaktdaten der deutschen Botschaften?;06.3.travel_backToGermany_Contact
Ich bin im Ausland gestrandet. An wen kann ich mich wenden?;06.3.travel_backToGermany_Contact
Sind die Konsulate geöffnet?;06.3.travel_backToGermany_Contact
Ich bin im Ausland  . An wen kann ich mich wenden?;06.3.travel_backToGermany_Contact
Ich bin im Ausland und die Botschaft antwortet nicht. Wo kann ich anrufen?;06.3.travel_backToGermany_Contact
An wen kann ich mich wenden, wenn ich in einem Risikogebiet im ausland bin?;06.3.travel_backToGermany_Contact
ich versuche die botschaft anzurufen aber niemand ist da;06.3.travel_backToGermany_Contact
Die Leitungen der Botschaften sind verstopft! Was können wir tun?;06.3.travel_backToGermany_Contact
Ich bin im Ausland. Wie komme ich zurück?;06.3.travel_backToGermany_Contact
Ich bin in Istanbul. Muss ich dort bleiben?;06.3.travel_backToGermany_Contact
Ich kann mich nicht mit dem Konsulat in Verbindung setzen!;06.3.travel_backToGermany_Contact
Wen kann ich anrufen, um an der rückführung teilzunehmen?;06.3.travel_backToGermany_Contact
Ich kann die Botschaft nicht kontaktieren!;06.3.travel_backToGermany_Contact
Wo finde ich die Kontaktdaten des Konsulats?;06.3.travel_backToGermany_Contact
Fluggesellschaften meldet sich nicht;06.4.travel_backToGermany_flightBackInfo
Werden die Flüge gestrichen?;06.4.travel_backToGermany_flightBackInfo
Ist meine Fluggesellschaft verpflichtet, mir einen neuen Rückflug anzubieten?;06.4.travel_backToGermany_flightBackInfo
Ist es möglich mit einem anderen Flug zurück zu fliegen;06.4.travel_backToGermany_flightBackInfo
Wenn meine Fluggesellschaft nicht erreichbar ist, an wen kann man sich wenden?;06.4.travel_backToGermany_flightBackInfo
Die Fluggesellschaft antwortet nicht;06.4.travel_backToGermany_flightBackInfo
Wie sind die Infos zu den Rückflügen?;06.4.travel_backToGermany_flightBackInfo
Gibt es Flüge zurück nach Deutschland? ;06.4.travel_backToGermany_flightBackInfo
Lassen die Fluggesellschaften ihre Flüge ?;06.4.travel_backToGermany_flightBackInfo
Werden die Flieger noch gehen?;06.4.travel_backToGermany_flightBackInfo
Welche Flüge werden aufrechterhalten?;06.4.travel_backToGermany_flightBackInfo
Ich kann meine Fluggesellschaft nicht erreichen.;06.4.travel_backToGermany_flightBackInfo
Ich möchte wissen ob mein Rückflug nächste Woche geht?;06.4.travel_backToGermany_flightBackInfo
Wie erfahre ich ob mein Flug gecancelled wurde?ß;06.4.travel_backToGermany_flightBackInfo
auf welcher Webseite sehe ich ob mein Flug noch geht oder ob er gestrichen wurde?;06.4.travel_backToGermany_flightBackInfo
Stellen die Fluggesellschaften ihre Flüge ein?;06.4.travel_backToGermany_flightBackInfo
Ist es notwendig bei der Airline wegen dem Flug anzurufen?;06.4.travel_backToGermany_flightBackInfo
Wie kann ich meine Airline kontaktieren?;06.4.travel_backToGermany_flightBackInfo
Welche Grenzen im Schengenraum gehen noch am besten?;06.6.travel_backToGermany_landingnearfrontier
kann ich über ein anderes Land einreisen?;06.6.travel_backToGermany_landingnearfrontier
Ist es in Ordnung wenn ich einen Flug nehme, der in der Schweiz landet?;06.6.travel_backToGermany_landingnearfrontier
Kann man im Schengenraum noch über die Grenze?;06.6.travel_backToGermany_landingnearfrontier
Welches Transportmittel sollte ich für die Rückkehr aus dem Ausland benutzen?;06.6.travel_backToGermany_landingnearfrontier
Wird es mir möglich sein aus UK zurückzukommen;06.6.travel_backToGermany_landingnearfrontier
Kann ich durch ein Land des Schengen-Raums reisen?;06.6.travel_backToGermany_landingnearfrontier
Welches sind die Abkommen zwischen den EU-Mitgliedsländern für den Verkehr?;06.6.travel_backToGermany_landingnearfrontier
Kann ich mit Zwischenlandungen nach Deutschland zurückkehren?;06.6.travel_backToGermany_landingnearfrontier
Wenn ich in Deutschland lebe und in London lande, darf ich trotzdem nach Hause?;06.6.travel_backToGermany_landingnearfrontier
Wie überquere ich eine Grenze im Schengen-Raum?;06.6.travel_backToGermany_landingnearfrontier
kommt man nur mit einem non-stop Flug zurück nach Hause?;06.6.travel_backToGermany_landingnearfrontier
Ich will nach Deutschland zurück aber der Flieger landet nur Österreich. Kann ich über die Grenze?;06.6.travel_backToGermany_landingnearfrontier
Wenn ich in Brüssel lande, komme ich dann zurück nach Deutschland?;06.6.travel_backToGermany_landingnearfrontier
Sind die Grenzkontrollen wieder eingeführt worden?;06.6.travel_backToGermany_landingnearfrontier
Werden die Flughäfen geschlossen?;06.6.travel_backToGermany_landingnearfrontier
Wer hat die Grenzkontrollen wieder eingeführt?;06.6.travel_backToGermany_landingnearfrontier
Was passiert wenn ich bei der Rückreise woanders stecken bleibe?;06.6.travel_backToGermany_landingnearfrontier
Ich wohne in Deutschland  und lande in einem Grenzland. ;06.6.travel_backToGermany_landingnearfrontier
Mein Reisepass ist abgelaufen. Die botschaft antwortet nicht.;06.7.travel_backToGermay_passportIssue
Mein Zimmergenosse hat keinen aktuellen Reisepass. Was kann ich tun?;06.7.travel_backToGermay_passportIssue
Wie kann ich eine Genehmigung zur Rückkehr nach Deutschland erhalten?;06.7.travel_backToGermay_passportIssue
Ich habe meinen Reisepass verloren;06.7.travel_backToGermay_passportIssue
Welche Dokumente müssen Minderjährige bei der Rückkehr nach Deutschland vorlegen?;06.7.travel_backToGermay_passportIssue
Ich habe gerade im Ausland entbunden und mein Baby hat noch keinen deutschen Ausweis. Kann es nach Deutschland reisen?;06.7.travel_backToGermay_passportIssue
Das Gültigkeitsdatum meines Reisepasses ist abgelaufen. Wie komm ich zurück?;06.7.travel_backToGermay_passportIssue
Kann ich einen Passierschein für die Rückkehr nach Deutschland erhalten?;06.7.travel_backToGermay_passportIssue
Wie lange dauert es, um einen pass zu bekommen;06.7.travel_backToGermay_passportIssue
Ist ein abgelaufener Personalausweis, der weniger als 5 jahre ist, noch gültig?;06.7.travel_backToGermay_passportIssue
Mein Reisepass wurde gestohlen;06.7.travel_backToGermay_passportIssue
Was soll ich tun, wenn das datum vom reisepass abgelaufen;06.7.travel_backToGermay_passportIssue
Gibt es eine Lockerung der Gültigkeit von Ausweispapieren?;06.7.travel_backToGermay_passportIssue
Ich habe gerade ein Baby bekommen. Wie funktioniert das mit der rückreise;06.7.travel_backToGermay_passportIssue
Welche Schritte muss ich in meinem Konsulat unternehmen?;06.7.travel_backToGermay_passportIssue
Ich habe ein Problem mit meinem Reisepass. Wie komme ich trotzdem zurück nach Deutschland?;06.7.travel_backToGermay_passportIssue
Ich befinde mich auf einer vorübergehenden Reise im Ausland und habe meinen Reisepass verloren. Kann ich ohne Ausweispapiere nach Deutschland reisen?;06.7.travel_backToGermay_passportIssue
Ist es immer noch möglich interntional zu reisen?;06.8.travel_germanLivingAbroad
Ich bin im Ausland. Muss ich mich bei den deutschen Behörden melden;06.8.travel_germanLivingAbroad
Ich bin deutscher Staatsbürger und lebe normalerweise im Ausland. Muss ich nach Deutschland reisen?;06.8.travel_germanLivingAbroad
Heute bin ich bei guter Gesundheit und im Ausland. Muss zurück reisen?;06.8.travel_germanLivingAbroad
Ich bin Franzose. Muss ich in dem Land bleiben wo ich wohne?;06.8.travel_germanLivingAbroad
Kann ich angesichts meines Gesundheitszustandes zurückgeführt werden?;06.8.travel_germanLivingAbroad
Wann muss ich das auswärtige Amt informieren?;06.8.travel_germanLivingAbroad
Ist eine rückholaktion möglich?;06.8.travel_germanLivingAbroad
Ich bin Deutsche und habe den gewöhnlichen Aufenthalt außerhalb des europäischen Raums. Gibt es eine Rückholaktion?;06.8.travel_germanLivingAbroad
An wen muss ich mich wenden, um bei der Rückholung dabei zu sein.;06.8.travel_germanLivingAbroad
Ich lebe im Ausland und meine Familie ist in Deutschland. Kann ich zurück kommen?;06.8.travel_germanLivingAbroad
Mein Hauptwohnsitz ist in Frankreich. Kann ich nach Deutschland zurückkehren?;06.8.travel_germanLivingAbroad
Ich bin krank und muss zurück. Gibt es eine Rückführung für Deutsche?;06.8.travel_germanLivingAbroad
Ich bin deutscher staatsbürger aber lebe im ausland. Muss ich einen Antrag auf Rückführung stellen;06.8.travel_germanLivingAbroad
Ich lebe in Italien aber bin Deutsche . Darf ich zurück?;06.8.travel_germanLivingAbroad
Ich bin Deutscher und lebe im Ausland. Was muss ich tun?;06.8.travel_germanLivingAbroad
Wie kann ich das Auswärtige Amt erreichen?;06.8.travel_germanLivingAbroad
Wo kann ich mich in die Rückholer-Liste eintragen=?;06.8.travel_germanLivingAbroad
Mein Hauptwohnsitz liegt in Italien. Muss ich jetzt dorthin ?;06.8.travel_germanLivingAbroad
Ich habe ein Visum für Deutschland. Darf ich hierbleiben?;06.9.travel_foreigners
Mein Sohn hat keine Aufenthaltserlaubnis.;06.9.travel_foreigners
Ich bin Norweger. Darf ich hierbleiben. Muss ich zurück nach Norwegen?;06.9.travel_foreigners
Meine Tochter ist bei mir aber ich bin der einzige mit Aufenthaltsgenehmigung;06.9.travel_foreigners
Ich bin Ausländer. Muss ich weg?;06.9.travel_foreigners
Können ausländische Staatsangehörige mit Aufenthaltsgenehmigung nach Deutschland einreisen?;06.9.travel_foreigners
wenn man als Deutscher in Deutschland landet, darf dann auch der ausländischer Ehepartner mit?;06.9.travel_foreigners
Ich bin Isländer. Gibt es ein Abkommen mit Deutschland?;06.9.travel_foreigners
Muss ich für jedes Mitglied meiner Familie eine Aufenthaltsgenehmigung haben?;06.9.travel_foreigners
Ich bin ein ausländischer Staatsangehöriger und habe mein Visum verloren. Wie komme ich rein?;06.9.travel_foreigners
Meine Aufenthaltserlaubnis ist abgelaufen. Was tun?;06.9.travel_foreigners
Ist die Rückkehr nach Deutschland für Ausländer erlaubt wenn sie Wohnsitz in Deutschland haben?;06.9.travel_foreigners
Ich bin Franzose, darf ich nach Deutschland einreisen?;06.9.travel_foreigners
Ich bin Ausländer. Mein Visum gestohlen. Kann ich einreisen?;06.9.travel_foreigners
Was sind die Auswirkungen auf das BIP?;10.1.Economy_Impact
Was sind die wirtschaftlichen Folgen für Deutschland?;10.1.Economy_Impact
Gibt es wirtschaftliche Konsequenzen für Deutschland?;10.1.Economy_Impact
Was sind die wirtschaftlichen Folgen für Deutschland in Bezug auf das BIP?;10.1.Economy_Impact
Wie wird die Wirtschaft reagieren?;10.1.Economy_Impact
ich bin sehbehindert. An wen sollte ich mich wenden;10.2.Other_Contact_Disabilities
Ich bin taub. An wen kann ich mich wenden;10.2.Other_Contact_Disabilities
Ich bin behindert. Wie kann ich mich informieren;10.2.Other_Contact_Disabilities
Wie lautet die Nummer für Gehörlose?;10.2.Other_Contact_Disabilities
Ich bin sehbehindert. Wer kann mir helfen?;10.2.Other_Contact_Disabilities
Wie ist die Telefonnummer für die Blinden?;10.2.Other_Contact_Disabilities
Wie hoch ist die Tel für Hörgeschädigte?;10.2.Other_Contact_Disabilities
Ich habe Schwierigkeiten beim Lesen. Wer kann mir helfen bei @covid.;10.2.Other_Contact_Disabilities
Ich bin schwerhörig. Wer kann mir das alles erklären?;10.2.Other_Contact_Disabilities
Ich habe eine Hörbehinderung. Wie ist das verfahren?;10.2.Other_Contact_Disabilities
Wie kann ich mich stärker einbringen? ;10.3.Other_Volunteering
Ich möchte Risikogruppen beim Einkaufen helfen. Wie kann ich dies tun? Wohin soll ich mich wenden?;10.3.Other_Volunteering
wo melde ich mich freiwillig?;10.3.Other_Volunteering
Ich möchte helfen. Ich bin Arzt im Ruhestand;10.3.Other_Volunteering
Ich bin ein Freiwilliger. Wo kann man helfen?;10.3.Other_Volunteering
an wen können sich freiwillige wenden?;10.3.Other_Volunteering
Brauchen Sie einen Freiwilligen in der Epidemie?;10.3.Other_Volunteering
Ich möchte alten Menschen beim Einkauf helfen.;10.3.Other_Volunteering
Ich habe Erfahrung in der Freiwilligenarbeit;10.3.Other_Volunteering
Ich möchte helfen. Ich bin Student.;10.3.Other_Volunteering
Ich würde mich gerne als Freiwilliger engagieren;10.3.Other_Volunteering
Wie kann ich mich persönlich in den Kampf gegen Covid-19 einbringen?;10.3.Other_Volunteering
Ich kann zu den Senioren gehen;10.3.Other_Volunteering
Ich bin von der pädagogischen Fakultät und möchte helfen.;10.3.Other_Volunteering
Wie kann ich helfen?;10.3.Other_Volunteering
Welche Verbände kann ich unterstützen? ;10.3.Other_Volunteering
Ich habe freie Zeit. Wer organisiert die Freiwilligen?;10.3.Other_Volunteering
Ich bin Medizinstudent und möchte mich engagieren. Wie kann ich helfen?;10.3.Other_Volunteering
Ich möchte als Babysitter helfen.;10.3.Other_Volunteering
wie kann ich Eltern helfen, Kinder zu betreuen?;10.3.Other_Volunteering
Wie kann ich mit dem Coronavirus helfen?;10.3.Other_Volunteering
bei welchen Initiativen können sich Freiwillige melden?;10.3.Other_Volunteering
ich will mich als Freiwilliger melden;10.3.Other_Volunteering
Kann ich im Supermarkt einkaufen gehen?;10.4.Business_Open_Closed
Welche Betriebe werden geschlossen?;10.4.Business_Open_Closed
Kann ich ins Museum gehen? ;10.4.Business_Open_Closed
Kann ich mein Motorrad reparieren lassen? ;10.4.Business_Open_Closed
Welche Geschäfte sind geschlossen?;10.4.Business_Open_Closed
Welche Einrichtungen sind offen?;10.4.Business_Open_Closed
Kann ich in die Bibliothek gehen?;10.4.Business_Open_Closed
Kann ich mein Auto reparieren lassen? ;10.4.Business_Open_Closed
Sind Autowerkstätten offen?;10.4.Business_Open_Closed
Muss ich meine Einrichtung schließen? ;10.4.Business_Open_Closed
Kann ich Tintenpatronen kaufen gehen? ;10.4.Business_Open_Closed
Muss ich mein Geschäft schließen? ;10.4.Business_Open_Closed
Kann mein Restaurant öffnen?;10.4.Business_Open_Closed
Welche Geschäfte bleiben geöffnet? ;10.4.Business_Open_Closed
Kann ich einkaufen gehen? ;10.4.Business_Open_Closed
Kann ich zu einer Ausstellung gehen?;10.4.Business_Open_Closed
Muss ich mein Restaurant schließen? ;10.4.Business_Open_Closed
Kann ich einen Computer kaufen gehen?;10.4.Business_Open_Closed
Ist der Friseur offen?;10.4.Business_Open_Closed
Darf man zum Fristeur?;10.4.Business_Open_Closed
Darf der Handwerker zu mir kommen?;10.4.Business_Open_Closed
Darf ich ins Fitnessstudio;10.4.Business_Open_Closed
Dürfen Schwimmbäder offen sein?;10.4.Business_Open_Closed
Dürfen Handwerker arbeiten?;10.4.Business_Open_Closed
kann der Elektriker zu mir nach Hause kommen;10.4.Business_Open_Closed
Darf ich einen Gärtner bestellen?;10.4.Business_Open_Closed
Darf ich einen Handwerker bestellen?;10.4.Business_Open_Closed
