Quelle est la progression du coronavirus dans le Monde ?,01.10.globalCovid_spread
Comment sont décomptés les cas de @covid? ,01.10.globalCovid_spread
Est-ce que les autres pays s'en sortent mieux avec le @covid ? ,01.10.globalCovid_spread
Quels sont les chiffres du @covid dans le monde ? ,01.10.globalCovid_spread
Les chiffres du @covid sont-ils comptés de la même facon ?,01.10.globalCovid_spread
quelles sont les statistiques concernant la maladie ?,01.10.globalCovid_spread
Quel est le niveau de contamination en Italie ?,01.10.globalCovid_spread
Où trouver les dernieres statistiques sur le @covid ?,01.10.globalCovid_spread
C'est comment la progression du @covid en Italie ? ,01.10.globalCovid_spread
Comment suivre la progression mondiale du @covid ?,01.10.globalCovid_spread
Combien de personnes sont tombées malades dans le monde?,01.10.globalCovid_spread
Est-ce que les cas désignés sont les cas testés? ,01.10.globalCovid_spread
Comment sont réalisés les statistiques du @covid en France ?,01.10.globalCovid_spread
Où est @covid?,01.10.globalCovid_spread
Comment connaître la progression du @covid dans le Monde ?,01.10.globalCovid_spread
Combien de personnes sont mortes dans le monde?,01.10.globalCovid_spread
Où l'infection @covid a-elle été prouvée?,01.10.globalCovid_spread
Le @covid est-il présent partout ?,01.10.globalCovid_spread
Quel est le niveau de contamination ?,01.10.globalCovid_spread
Comment est la progression du @covid dans le monde ?,01.10.globalCovid_spread
Existe-t-il des pays non touchés par le @covid ?,01.10.globalCovid_spread
Peut-on comparer les chiffres du @covid de deux pays ?,01.10.globalCovid_spread
Où puis-je trouver des informations sur @covid dans le monde?,01.10.globalCovid_spread
Quel est le niveau de contamination en Europe ?,01.10.globalCovid_spread
Combien de personnes font le @covid?,01.10.globalCovid_spread
Le @covid est-il une épidémie?,01.11.globalCovid_pandemic
L'OMS a déclaré le statut de pandémie dans le monde. Qu'est-ce que cela signifie concrètement?,01.11.globalCovid_pandemic
Qu'est-ce qu'une pandémie?,01.11.globalCovid_pandemic
c'est quoi une pandémie ?,01.11.globalCovid_pandemic
A partir de quels critères parle t'on de pandémie ?,01.11.globalCovid_pandemic
comment définit-on une pandémie ?,01.11.globalCovid_pandemic
Qu'en est-il de la pandémie?,01.11.globalCovid_pandemic
Le @covid est-il une pandémie?,01.11.globalCovid_pandemic
Quelle est la différence entre une pandémie et une épidémie?,01.11.globalCovid_pandemic
c'est quoi une épidémie ?,01.11.globalCovid_pandemic
quelle différence entre épidémie et pandémie ?,01.11.globalCovid_pandemic
Pourquoi parle-t-on d'une pandémie ?,01.11.globalCovid_pandemic
Que signifient les dimensions de la pandémie?,01.11.globalCovid_pandemic
Pourquoi on utilise le mot pandémie pour décrire le @covid ?,01.11.globalCovid_pandemic
Ca vient d'où le @covid  ?,01.1.aboutVirus_WhatIsIt
D'où vient le @covid  ?,01.1.aboutVirus_WhatIsIt
Est-ce que le @covid est identique au MERS ?,01.1.aboutVirus_WhatIsIt
C'est quoi le @covid ?,01.1.aboutVirus_WhatIsIt
Combien de pays sont touchés par le @covid ?,01.1.aboutVirus_WhatIsIt
L'origine du @covid a-t-elle été bien identifiée?,01.1.aboutVirus_WhatIsIt
Quelle est la différence entre @covid et la grippe,01.1.aboutVirus_WhatIsIt
Quelle est la différence entre la @covid et le coronavirus.,01.1.aboutVirus_WhatIsIt
"Quand on parle du @covid, de quoi parle-t-on ?",01.1.aboutVirus_WhatIsIt
Quand a t'on déclaré une Pandemie ?,01.1.aboutVirus_WhatIsIt
Où le @covid a-il détecté ?,01.1.aboutVirus_WhatIsIt
Que sais-tu sur le @covid ?,01.1.aboutVirus_WhatIsIt
Qu'est ce que le coronavirus ou COVID-19 ?,01.1.aboutVirus_WhatIsIt
Est-ce que le @covid est identique à la grippe ?,01.1.aboutVirus_WhatIsIt
@covid c'est quoi exactement ?,01.1.aboutVirus_WhatIsIt
Depuis quand la Pandémie a commencée ?,01.1.aboutVirus_WhatIsIt
Est-ce que le @covid est identique au SARS ?,01.1.aboutVirus_WhatIsIt
De quoi s'agit le @covid ?,01.1.aboutVirus_WhatIsIt
Quelle est l'origine du @covid ?,01.1.aboutVirus_WhatIsIt
Parle-moi du @covid ,01.1.aboutVirus_WhatIsIt
"J'ai entendu parler de covid-19, qu'est-ce que c'est ?",01.1.aboutVirus_WhatIsIt
Qu'est-ce que le @covid,01.1.aboutVirus_WhatIsIt
Le MERS c'est comme le @covid ?,01.1.aboutVirus_WhatIsIt
Qu'est -ce que @covid,01.1.aboutVirus_WhatIsIt
"Si je suis infectée, je peux le transmettre à ma famille en préparant à manger ?",01.2.aboutVirus_Transmission
Transfert de Coronavirus à d'autres,01.2.aboutVirus_Transmission
Existe-t-il des risques liés aux animaux domestiques (d'élevage et familiers) ?,01.2.aboutVirus_Transmission
Mon chat est-il infecté?,01.2.aboutVirus_Transmission
Mon chien est-il infecté?,01.2.aboutVirus_Transmission
Les porteurs sains peuvent ils transmettre le virus ?,01.2.aboutVirus_Transmission
Dans quelle mesure le saumon kéta est-il infecté ?,01.2.aboutVirus_Transmission
Comment puis-je être infecté ?,01.2.aboutVirus_Transmission
Peut-on attraper la maladie par l’eau ?,01.2.aboutVirus_Transmission
"Si j'ai le @covid et que je prépare le repas, puis-je le transmettre à mes proche ?",01.2.aboutVirus_Transmission
Comment transférer le @covid ?,01.2.aboutVirus_Transmission
Comment @covid se propage ?,01.2.aboutVirus_Transmission
Comment se transmet le virus ?,01.2.aboutVirus_Transmission
Comment les gens sont-ils contaminés ?,01.2.aboutVirus_Transmission
Où le virus se transmet-il le plus ?,01.2.aboutVirus_Transmission
"Si je suis porteur sain, je peux aussi le transmettre ?",01.2.aboutVirus_Transmission
Depuis quand l'homme est capable d'infecter d'autres personnes,01.2.aboutVirus_Transmission
Est-ce que le @covid se transmet à travers les aliments ?,01.2.aboutVirus_Transmission
Le @covid se propage-til dans l'eau ?,01.2.aboutVirus_Transmission
Dans quelle mesure le virus se transmet dans un espace clos ?,01.2.aboutVirus_Transmission
Le @covid se propage-til dans l'air ?,01.2.aboutVirus_Transmission
Parles moi de la transmission du virus,01.2.aboutVirus_Transmission
Comment la contagion se propage ?,01.2.aboutVirus_Transmission
Comment puis-je me rendre malade avec le @covid ?,01.2.aboutVirus_Transmission
Peut-on attraper la maladie par de la nourriture ?,01.2.aboutVirus_Transmission
Suis- je à risque ?,01.3.aboutVirus_HighRiskGroups
Quel groupe est le plus menacé?,01.3.aboutVirus_HighRiskGroups
"Je suis dialisé, ai-je plus de risques ?",01.3.aboutVirus_HighRiskGroups
Quelles sont les personnes les plus menacées ?,01.3.aboutVirus_HighRiskGroups
Ma grand mère a-t-elle le plus de risque de mourrir du @covid ?,01.3.aboutVirus_HighRiskGroups
Le @covid est-il dangereux ?,01.3.aboutVirus_HighRiskGroups
Quels sont les groupes de résidents les plus vulnérables?,01.3.aboutVirus_HighRiskGroups
Le virus est-il dangereux pour la grossesse?,01.3.aboutVirus_HighRiskGroups
Qui est considéré comme une personne à risque ?,01.3.aboutVirus_HighRiskGroups
Comment savoir si je suis une personne à risque ?,01.3.aboutVirus_HighRiskGroups
"J'ai le cancer, suis-je une personne à risque? ",01.3.aboutVirus_HighRiskGroups
Est-ce dangereux ?,01.3.aboutVirus_HighRiskGroups
Les personnes malades du cancer sont-elles plus vulnérables ?,01.3.aboutVirus_HighRiskGroups
Quelles sont les personnes le splus vulnérable ?,01.3.aboutVirus_HighRiskGroups
Est-ce que je suis menacé par le coronavirus si j'ai un cancer?,01.3.aboutVirus_HighRiskGroups
"Mon fils a une myopathie, est il a risque ?",01.3.aboutVirus_HighRiskGroups
Quelles sont les personnes à risque? ,01.3.aboutVirus_HighRiskGroups
Quels sont les riques du @covid pour les femmes enceintes ?,01.3.aboutVirus_HighRiskGroups
Quels groupes sont menacés ?,01.3.aboutVirus_HighRiskGroups
Qui est en danger ? ,01.3.aboutVirus_HighRiskGroups
Les enfants sont-ils plus protégés du @covid que les personnes agées ?,01.3.aboutVirus_HighRiskGroups
Est-ce que mes grands-parents sont des personnes à risques? ,01.3.aboutVirus_HighRiskGroups
Qui est le plus à risque ?,01.3.aboutVirus_HighRiskGroups
Dans quelles mesures les personnes agées sont plus vulnérables ?,01.3.aboutVirus_HighRiskGroups
A-t-on plus de probabilité de mourir si j'ai un cancer ?,01.3.aboutVirus_HighRiskGroups
Au bout de cb de temps les premiers symptômes arrivent-ils ?,01.4.aboutVirus_Incubation_Period
Quelle est la durée de la période d'incubation ?,01.4.aboutVirus_Incubation_Period
période d'incubation,01.4.aboutVirus_Incubation_Period
Quelle est la période d'incubation ?,01.4.aboutVirus_Incubation_Period
L'incubation du @covid ?,01.4.aboutVirus_Incubation_Period
Au bout de combien de temps les symptomes apparaisent-ils ?,01.4.aboutVirus_Incubation_Period
durée d'incubation ,01.4.aboutVirus_Incubation_Period
Quelle est la période d'incubation @covid?,01.4.aboutVirus_Incubation_Period
La période d'incubation est-elle de 14 jours ou moins ?,01.4.aboutVirus_Incubation_Period
Durée de la période d'incubation du @covid,01.4.aboutVirus_Incubation_Period
Mon collègue a été dépisté positif au @covid il y 3 jours,01.4.aboutVirus_Incubation_Period
"Si mes proches et moi n'avons aucun symptome après 14 jours, suis-je à l'abris ?",01.4.aboutVirus_Incubation_Period
La durée de l'incubation du @covid?,01.4.aboutVirus_Incubation_Period
Quelle durée pour savoir si une personne est contaminée ,01.4.aboutVirus_Incubation_Period
J'ai déjeuné avec un collègue qui a déclaré le @covid il y deux jours,01.4.aboutVirus_Incubation_Period
Si un ami a déclaré le @covid ?,01.4.aboutVirus_Incubation_Period
Au bout de combien de jour sait-on si on est sain ?,01.4.aboutVirus_Incubation_Period
Combien de temps pour incuber @covid,01.4.aboutVirus_Incubation_Period
Au bout de combien de temps je peux savoir si je suis contaminé ou pas ,01.4.aboutVirus_Incubation_Period
Les premiers symptomes aparaissent-ils au bout de 5 ou 10 jours ?,01.4.aboutVirus_Incubation_Period
"Aprés guérison, suis-je contagieux ?",01.4.aboutVirus_Incubation_Period
Combien de temps le virus met-il pour incuber ?,01.4.aboutVirus_Incubation_Period
Au bout de combien de jour puis-je être sûr de ne pas être infecté ?,01.4.aboutVirus_Incubation_Period
Combien de temps ça prend pour que les premiers symptômes apparaissent ? ,01.4.aboutVirus_Incubation_Period
Quelle est la durée d'incubation @covid?,01.4.aboutVirus_Incubation_Period
Le virus peut-il muter ?,01.5.aboutVirus_mutation
Combien existe t'il de forme de @covid ?,01.5.aboutVirus_mutation
changement virus,01.5.aboutVirus_mutation
Comment le @covid peut-il se transformer ?,01.5.aboutVirus_mutation
Qu'est ce qu'une mutation ?,01.5.aboutVirus_mutation
Quelles sont les mutations possibles du virus ?,01.5.aboutVirus_mutation
"J'ai lu que le virus changeait, est-ce qu'il y a plusieurs @covid ? ",01.5.aboutVirus_mutation
Si on est infecté par une souche est-on immunisé pour toutes les souches ?,01.5.aboutVirus_mutation
Pourquoi existe-t-il plusieurs souches ?,01.5.aboutVirus_mutation
Le @covid est il le même dans tous les pays ?,01.5.aboutVirus_mutation
Combien de souche existe-t-il ?,01.5.aboutVirus_mutation
mutation du @covid,01.5.aboutVirus_mutation
Quelles sont les differences entre les formes L et S du @covid ?,01.5.aboutVirus_mutation
Est-ce que le virus a muté ?,01.5.aboutVirus_mutation
Quelle est la souche la plus répendue de @covid ?,01.5.aboutVirus_mutation
Quelle est la souche originale du @covid ?,01.5.aboutVirus_mutation
Parle moi de la mutation du @covid ?,01.5.aboutVirus_mutation
Comment mute le @covid ? ,01.5.aboutVirus_mutation
"On contracte pas tous le même @covid, quelles sont les différences ? ",01.5.aboutVirus_mutation
Le virus change-t-il avec le temps?,01.5.aboutVirus_mutation
Est ce qu'il y a différents types de @covid ,01.5.aboutVirus_mutation
Sait-on comment le @covid a t'il muté ?,01.5.aboutVirus_mutation
Comment le @covide a t'il muté ?,01.5.aboutVirus_mutation
Quelles sont les mutations du @covid ?,01.5.aboutVirus_mutation
Le virus a-t-il muté ? ,01.5.aboutVirus_mutation
Comment le @covid va-t-il évoluer dans les semaines à venir ?,01.6aboutVirus_futur
Doit-on limiter la propagation du @covid ?,01.6aboutVirus_futur
Que montrent les études internationnales ?,01.6aboutVirus_futur
Est ce que les scientifiques arrivent nous projeter avec le @covid ?,01.6aboutVirus_futur
Sait-on combien de temps ça va durer le @covid ?,01.6aboutVirus_futur
Que deviendra le @covid ?,01.6aboutVirus_futur
Comment va évoluer le COVID-19 ?,01.6aboutVirus_futur
"L'ensemble de cas graves de @covid, sont ils des personnes vulnérables ?",01.6aboutVirus_futur
Chez qui des cas graves se sont-ils declarés ?,01.6aboutVirus_futur
Selon les études quelle population est concernée par le @covid?,01.6aboutVirus_futur
A quoi servent les mesures prisent par le Président de la République ?,01.6aboutVirus_futur
on va mourrir ?,01.6aboutVirus_futur
Les jeunes seront-ils touchés? ,01.6aboutVirus_futur
Y aura t-il une seconde vague de virus qui touchera les plus jeunes ?,01.6aboutVirus_futur
Quelle population future sera touchée? ,01.6aboutVirus_futur
Comment limiter la vitesse de propagation du @covid ?,01.6aboutVirus_futur
A quoi sert la limitation de la propagation du @covid ?,01.6aboutVirus_futur
Quel est le futur du @covid? ,01.6aboutVirus_futur
"Avec l'évolution du virus, les jeunes ont-ils plus de risques d'en mourir ?",01.6aboutVirus_futur
Que va t'il se passer dans les jours qui viennent pour le @covid ?,01.6aboutVirus_futur
Qui a été contaminé par le @covid dans les autres pays ?,01.6aboutVirus_futur
Les jeunes peuvent-ils contracter le @covid ?,01.6aboutVirus_futur
Les personnes jeunes peuvent-elles développer des formes graves de @covid?,01.6aboutVirus_futur
Pourquoi limiter la vitesse de propagation du @covid ?,01.6aboutVirus_futur
L'ensemble de la population est-elle impactée par le @covid ?,01.6aboutVirus_futur
le gouverment prend il des actions radicales ?,01.7.aboutVirus_FranceReady
C'est quoi les mesures de la france par rapport au @covid  ?,01.7.aboutVirus_FranceReady
Qui gère le suivi de la progression du @covid ?,01.7.aboutVirus_FranceReady
Quelles sont les actions prises en france contre le @covid ?,01.7.aboutVirus_FranceReady
Le gouvernement est-il prêt pour @covid ?,01.7.aboutVirus_FranceReady
Il a décidé quoi le gouvernement pour lutter contre le @covid ?,01.7.aboutVirus_FranceReady
Comment la France agit-elle contre le COVID-19 ?,01.7.aboutVirus_FranceReady
En faisons nous assez ?,01.7.aboutVirus_FranceReady
Et qu'en est-il des précautions prises par la France contre @covid ?,01.7.aboutVirus_FranceReady
Avons-nous assez d'action?,01.7.aboutVirus_FranceReady
Que fait le gouvernement face à l'épidémie ?,01.7.aboutVirus_FranceReady
Comment sommes nous informé de l'evolution du @covid ?,01.7.aboutVirus_FranceReady
le président en fait il assez ?,01.7.aboutVirus_FranceReady
comment agit la france face au @covid ?,01.7.aboutVirus_FranceReady
La france a-t-elle prise toutes les mesures pour lutter contre le @covid ?,01.7.aboutVirus_FranceReady
Pourquoi la France est-elle en retard dans la lutte contre le @covid ?,01.7.aboutVirus_FranceReady
Quelles sont les mesures prises par le gouvernement français ?,01.7.aboutVirus_FranceReady
Est ce que la france réagit suffisamment pour le @covid ?,01.7.aboutVirus_FranceReady
Y a-t-il des malades autour de moi ?,01.8.aboutVirus_numbers
c'est les derniers chiffres ?,01.8.aboutVirus_numbers
Combien de cas de @covid en France ?,01.8.aboutVirus_numbers
Combien de personnes malades en France?,01.8.aboutVirus_numbers
Comment évolue la courbe de personnes infectées par le @covid ,01.8.aboutVirus_numbers
Quelles sont les nouveaux chiffres du @covid ?,01.8.aboutVirus_numbers
Où trouver les statistiques sur le @covid dans le monde ?,01.8.aboutVirus_numbers
Est-ce que le nombre de personnes infectées baisse ou augmente,01.8.aboutVirus_numbers
Y a-t-il des morts du @covid en France ?,01.8.aboutVirus_numbers
Combien de personnes infectées y a-t-il dans le monde ?,01.8.aboutVirus_numbers
Qu'est ce qu'un cluster ?,01.8.aboutVirus_numbers
Quel est le bilan du @covid en France ?,01.8.aboutVirus_numbers
Où sont les cas de @covid ?,01.8.aboutVirus_numbers
Comment est mesurée la progression du @covid ?,01.8.aboutVirus_numbers
"C'est quoi les chiffres du  @covid, combien de morts et/ou personnes infectées ",01.8.aboutVirus_numbers
Des cas de @covid en Ile de France ?,01.8.aboutVirus_numbers
Quel est le nombre de personnes infectées ?,01.8.aboutVirus_numbers
Combien de personnes infectées y a-t-il dans ma région ?,01.8.aboutVirus_numbers
On en est à combien de personnes infectées ? ,01.8.aboutVirus_numbers
Combien de personnes malades?,01.8.aboutVirus_numbers
"A quel stade, sommes nous ?",01.8.aboutVirus_numbers
Combien existe-t-il de cluster de @covid en France ?,01.8.aboutVirus_numbers
Des cas confirmés de @covid en Ile de France ?,01.8.aboutVirus_numbers
Y a-t-il des cas près de moi ?,01.8.aboutVirus_numbers
Quels sont les derniers chiffres du COVID-19 ?,01.8.aboutVirus_numbers
Qui donne les données sur le @covid en France ?,01.8.aboutVirus_numbers
Où puis-je trouver le point epimiologique quotidien ?,01.8.aboutVirus_numbers
Où trouver les statistiques sur le @covid en France ?,01.8.aboutVirus_numbers
Ou trouver les statistiques officielles sur le @covid ?,01.8.aboutVirus_numbers
Qu'est-ce que je suis censé faire pour ne pas tomber malade ?,02.1.Prevention_info
Qu'est-ce que je dois faire pour que je ne tombe pas malade @covid ?,02.1.Prevention_info
Quelle est la prévention la plus efficace ?,02.1.Prevention_info
Quel est le risque que mon enfant tombe malade avec COVID-19 ?,02.1.Prevention_info
Prévention efficace contre @covid ?,02.1.Prevention_info
C'est quoi les gestes barrières ?,02.1.Prevention_info
Comment puis-je m'assurer que ma famille est en sécurité ?,02.1.Prevention_info
"Quelle est la meilleure prévention, contre le @covid ?",02.1.Prevention_info
Dois-je éviter les gens ?,02.1.Prevention_info
Comment me protéger contre le @covid ?,02.1.Prevention_info
Est-il même possible d'éviter le virus ?,02.1.Prevention_info
Quelle est la meilleure façon de se prévenir du @covid ?,02.1.Prevention_info
Comment faire les gestes barrières pour limiter la propagation du virus ?,02.1.Prevention_info
Comment faire barriere au @covid ?,02.1.Prevention_info
Comment m'empêcher de tomber malade ?,02.1.Prevention_info
Comment puis-je éviter que la contagion au @covid ?,02.1.Prevention_info
Comment se protéger ?,02.1.Prevention_info
Comment empêcher la propagation du virus ?,02.1.Prevention_info
Quels sont les gestes barrières contre le @covid ?,02.1.Prevention_info
Comment Prévenir la propagation ?,02.1.Prevention_info
Comment éviter le @covid ?,02.1.Prevention_info
Que dois-je faire pour contenir la propagation du virus,02.1.Prevention_info
Qu'est-ce que la bonne prévention?,02.1.Prevention_info
Comment puis-je protéger ma famille contre la propagation du coronavirus ?,02.1.Prevention_info
Qu'est-ce qui va m'aider devant le @covid ?,02.1.Prevention_info
Que doit-on fair epour appliquer les gestes barrières ?,02.1.Prevention_info
L'alcool tue-t-il le coronavirus ?,02.2.Prevention_desinfection
Je suis censé désinfecter mon téléphone portable après être rentré à la maison ?,02.2.Prevention_desinfection
"peut-on manger des patisseries, sans être infecté par le coronavirus ?",02.2.Prevention_desinfection
Quels produits prendre pour désinfecter la maison ?,02.2.Prevention_desinfection
Nettoyer @product,02.2.Prevention_desinfection
Quelles sont les méthodes de nettoyage qui tuent le coronavirus??,02.2.Prevention_desinfection
"les magasins n'ont plus de lingettes désinfectantes, que dois-je faire ?",02.2.Prevention_desinfection
Désinfecter @product,02.2.Prevention_desinfection
Quelles surfaces doit-je désinfecter en priorité ?,02.2.Prevention_desinfection
Comment désinfecter contre le COVID-19 ?,02.2.Prevention_desinfection
dois-je nettoyer régulièrement ma maison pour éviter la propagation du coronavirus ?,02.2.Prevention_desinfection
Puis-je utiliser du vinaigre blanc pour désinfecter les surfaces ?,02.2.Prevention_desinfection
puis-je utiliser de l'eau de Javel pour tuer le coronavirus?,02.2.Prevention_desinfection
Peut-on être contaminé en touchant un caddie de supermarché ?,02.2.Prevention_desinfection
Le savon est-il suffisant pour se désinfecter ?,02.2.Prevention_desinfection
Existe-t-il des désinfectants qui peuvent inactiver (tuer) le @covid ?,02.2.Prevention_desinfection
Quelle est la différence entre le nettoyage et la désinfection ?,02.2.Prevention_desinfection
Comment puis-je me désinfecter ?,02.2.Prevention_desinfection
Comment nettoyer correctement ma maison ?,02.2.Prevention_desinfection
comment me débarrasser du virus chez moi,02.2.Prevention_desinfection
Shout @product,02.2.Prevention_desinfection
Quels sont les produits désinfectants contre le @covid ?,02.2.Prevention_desinfection
Comment se laver les mains avec du savon ?,02.3.Prevention_howToWashHands
Quelle est la meilleure façon de se laver les mains ?,02.3.Prevention_howToWashHands
Comment se laver correctement les mains contre le @covid ?,02.3.Prevention_howToWashHands
Le lavage de main est-il efficace contre le @covid ?,02.3.Prevention_howToWashHands
Combien de temps faut-il se laver les mains ?,02.3.Prevention_howToWashHands
C'est rapide le lavage des mains  ?,02.3.Prevention_howToWashHands
Puis-je me laver les mains avec une solution Hydro-alcoolique ?,02.3.Prevention_howToWashHands
Combien de fois par jour faut-il se laver les mains ?,02.3.Prevention_howToWashHands
Lavez-vous les mains efficacement,02.3.Prevention_howToWashHands
Comment te laver les mains correctement?,02.3.Prevention_howToWashHands
Comment se laver les mains efficacement ?,02.3.Prevention_howToWashHands
Le savon de Marseille est-il efficace pour se laver les mains ? ,02.3.Prevention_howToWashHands
Comment savoir si je me lave les mains correctement?,02.3.Prevention_howToWashHands
Quels sont les conseils pour bien se laver les mains ?,02.3.Prevention_howToWashHands
Quelle est la meilleure méthode pour se laver les mains ?,02.3.Prevention_howToWashHands
Quelle est la méthode la plus efficace pour se nettoyer les mains ?,02.3.Prevention_howToWashHands
À quelle fréquence dois-je me laver les mains ?,02.3.Prevention_howToWashHands
Dois-je nettoyer sous les ongles ? ,02.3.Prevention_howToWashHands
Quand faut-il se laver les mains ?,02.3.Prevention_howToWashHands
Nettoyage efficace et lavage des mains,02.3.Prevention_howToWashHands
Un masque FFP3 peut-il me protéger ?,02.4.Prevention_Mask
Faut-il que je porte un masque ?,02.4.Prevention_Mask
Porter un masque me protège-t-il du @covid ?,02.4.Prevention_Mask
Le port du masque par les porteurs sains est-il efficace ?,02.4.Prevention_Mask
"Je suis confiné avec un porteur du @covid, dois-je porter un masque ?",02.4.Prevention_Mask
Le masque va-t-il me protéger ?,02.4.Prevention_Mask
Dois-je porter un masque si je vais faire mes courses ?,02.4.Prevention_Mask
Pourquoi le port du masque n'est pas la bonne réponse ? ,02.4.Prevention_Mask
Je dois utiliser un masque ou pas ?,02.4.Prevention_Mask
Un masque FFP2 peut-il me protéger ?,02.4.Prevention_Mask
Le masque est-il la bonne réponse pour se protéger ?,02.4.Prevention_Mask
Est-il recommandé de porter un masque lorsqu'on se rend au supermarché ?,02.4.Prevention_Mask
Si je ne suis pas malade dois-je porter un masque ?,02.4.Prevention_Mask
Puis-je réutiliser un masque ayant déjà été porté ?,02.4.Prevention_Mask
Un masque est-il suffisant pour me protéger ?,02.4.Prevention_Mask
Dois-je porter un masque ?,02.4.Prevention_Mask
Est-il obligatoire de porter un masque si on sort à l'extérieur ?,02.4.Prevention_Mask
Un masque peut-il me protéger du COVID-19 ?,02.4.Prevention_Mask
Quels sont les différents types de masque pour se protéger ?,02.4.Prevention_Mask
Pourquoi le masque n'est pas la bonne réponse pour se protéger ?,02.4.Prevention_Mask
Porter le masque à l'extérieur est-il recommandé ?,02.4.Prevention_Mask
Puis-je utiliser n'importe type de gants ?,02.5.Prevention_Gants
Faut-il que je porte des gants ?,02.5.Prevention_Gants
Pourquoi le port des gants n'est pas la bonne réponse ? ,02.5.Prevention_Gants
Puis-je réutiliser des gants ayant déjà été porté ?,02.5.Prevention_Gants
Des gants peuvent-ils me protéger du COVID-19 ?,02.5.Prevention_Gants
Porter des gants à l'extérieur est-il recommandé ?,02.5.Prevention_Gants
Dois-je porter des gants si je vais faire mes courses ?,02.5.Prevention_Gants
Le port des gants par les porteurs sains est-il efficace ?,02.5.Prevention_Gants
Est-il obligatoire de porter des gants si on sort à l'extérieur ?,02.5.Prevention_Gants
Est-il recommandé de porter des gants lorsqu'on se rend au supermarché ?,02.5.Prevention_Gants
Les gants sont-ils suffisant pour me protéger ?,02.5.Prevention_Gants
"Je suis confiné avec un porteur du @covid, dois-je porter des gants ?",02.5.Prevention_Gants
Les gants sont-ils réutilisables ?,02.5.Prevention_Gants
Dois-je porter des gants ?,02.5.Prevention_Gants
Des gants en caoutchouc suffisent ils à me protéger ? ,02.5.Prevention_Gants
Les gants vont-ils me protéger ?,02.5.Prevention_Gants
Porter des gants me protège-t-il du @covid ?,02.5.Prevention_Gants
Si je ne suis pas malade dois-je porter des gants ?,02.5.Prevention_Gants
J'ai voyagé récemment. Que fais-je ?,02.6.Prevention_ContactInfection
Je connais une personne qui a le @covid que faire? ,02.6.Prevention_ContactInfection
"J'ai de la toux et des difficultés respiratoire, que faire ?",02.6.Prevention_ContactInfection
Où puis-je obtenir plus d'informations sur @covid ?,02.6.Prevention_ContactInfection
Que puis je faire pour éviter la contamination si je vis avec un malade ?,02.6.Prevention_ContactInfection
"Mon mari est contaminé, que dois-je faire ?",02.6.Prevention_ContactInfection
Qui puis-je appeler pour obtenir de plus amples renseignements ?,02.6.Prevention_ContactInfection
Dans quels cas contacter le 15 ?,02.6.Prevention_ContactInfection
Où puis-je trouver l'information ?,02.6.Prevention_ContactInfection
"Mon compagnon est malade, est ce que je risque d'etre contaminée ?",02.6.Prevention_ContactInfection
Je pense que je suis infecté.,02.6.Prevention_ContactInfection
Je pense que j'ai le virus.,02.6.Prevention_ContactInfection
Je suis confiné avec une personne infecté,02.6.Prevention_ContactInfection
Quels sont les numéros utiles ?,02.6.Prevention_ContactInfection
Quel est le numéro vert ?,02.6.Prevention_ContactInfection
Quand dois-je prendre ma temperature ?,02.6.Prevention_ContactInfection
Qui devrais-je appeler si j'ai des symptômes ?,02.6.Prevention_ContactInfection
J'ai un collègue infecté que faire? ,02.6.Prevention_ContactInfection
Que dois-je faire si j'ai eu un contact étroit avec une personne atteinte du coronavirus ?,02.6.Prevention_ContactInfection
Quel est le numéro du SAMU ?,02.6.Prevention_ContactInfection
Je reviens de voyage et j'ai de la température ; que dois-je faire ?,02.6.Prevention_ContactInfection
J'ai été en contact avec une personne inféctée,02.6.Prevention_ContactInfection
Je connais une personne infectée,02.6.Prevention_ContactInfection
Que dois-je faire si je suis en contact avec une personne infectée ?,02.6.Prevention_ContactInfection
Qui dois-je appeler ?,02.6.Prevention_ContactInfection
Comment s'informer ?,02.6.Prevention_ContactInfection
J'ai été en contact avec mon voisin de palier malade ; que dois-je faire ?,02.6.Prevention_ContactInfection
Comment appeler à l'aide ?,02.6.Prevention_ContactInfection
"Mon copain à de la fièvre et tousse, dois-je l'enfermer à la cave ?",02.6.Prevention_ContactInfection
J'ai voyagé en Italie récemment. Que dois-je faire ?,02.6.Prevention_ContactInfection
J'ai des soupcons qui je peux appeler ?,02.6.Prevention_ContactInfection
"Je suis un professionel de santé et mon mari a le @covid, que faire ? ",02.6.Prevention_ContactInfection
Qui dois-je contacter en cas de symptômes ?,02.6.Prevention_ContactInfection
Qui devrais-je contacter @covid ?,02.6.Prevention_ContactInfection
Puis-je appeler mon médecin ?,02.6.Prevention_ContactInfection
Il y a-t-il un numéro vert ?,02.6.Prevention_ContactInfection
Où trouver des informations supplémentaires sur @covid ?,02.6.Prevention_ContactInfection
J'ai été battue par mon mari,02.7.Prevention_Violence
Mon conjoint frappe les enfants,02.7.Prevention_Violence
Mon mari est violent avec moi et les enfants ,02.7.Prevention_Violence
Mon mari est en manque et s'acharne sur moi,02.7.Prevention_Violence
Je suis victime de violence conjugale,02.7.Prevention_Violence
Mes enfants ont reçu une correction de mon compagnon,02.7.Prevention_Violence
Mon compagnon me frappe,02.7.Prevention_Violence
Que faire si je suis victime de violence ? ,02.7.Prevention_Violence
Mon conjoint lève la main sur les enfants ,02.7.Prevention_Violence
Quels sont les effet de la Chloroquine sur le @covid ?,03.1.Treatment_vaccine
Quand aura on un vaccin?,03.1.Treatment_vaccine
Pourquoi faut-il du temps pour developper un vaccin ?,03.1.Treatment_vaccine
La Chloroquine est-elle un vaccin contre le covid-19 ?,03.1.Treatment_vaccine
Qui travaille sur les vaccins contre le corona ?,03.1.Treatment_vaccine
Le vaccin est-il contre @covid?,03.1.Treatment_vaccine
Peut-on partir d'un vaccin existant pour lutter conte le @covid ?,03.1.Treatment_vaccine
A-t-on un vaccin en cours d'étude contre le @covid ?,03.1.Treatment_vaccine
En combien de temps un vaccin peut-être développé ?,03.1.Treatment_vaccine
La Chloroquine contre le @covid ?,03.1.Treatment_vaccine
Existe-t-il un vaccin contre la contagion @covid?,03.1.Treatment_vaccine
Un vaccin existe-t-il contre le Coronavirus ?,03.1.Treatment_vaccine
Quelles sont les étapes dans l'élaboration d'un vaccin ?,03.1.Treatment_vaccine
Combien de temps faudra-t-il pour mettre en place un vaccin contre le covid-19 ?,03.1.Treatment_vaccine
D'ici combien de temps pouvons-nous espérer avoir accès à des médicaments ?,03.1.Treatment_vaccine
Hormis la Chloroquine d'autres molecules sont-elles en experimentation ?,03.1.Treatment_vaccine
L'hydroxychloroquine contre le @covid ?,03.1.Treatment_vaccine
Il y a-t-il un traitement contre ce virus ?,03.1.Treatment_vaccine
Les antibiotiques utiles contre le @covid ?,03.1.Treatment_vaccine
Quel pays est le plus avancé dans la recherche d'un vaccin contre le @covid ?,03.1.Treatment_vaccine
il y a-t-il des médicaments pour se soigner lorsque l'on a le @covid ?,03.2.info_traitements
"Tous les symptômes du @covid, peuvent-ils être traités ?",03.2.info_traitements
Quel traitement antiviral contre le Coronavirus ?,03.2.info_traitements
Quel est le but du traitement contre le @covid ?,03.2.info_traitements
Puis-je prendre un anti-virale générique contre le @covid ?,03.2.info_traitements
"Alors, quel est le traitement de cette maladie?",03.2.info_traitements
Pourquoi parle-t-on de traitement de soutien ?,03.2.info_traitements
"Que soigne-t-on, lorsqu'on est malade du @covid ?",03.2.info_traitements
Existe-t-il un traitement contre le @covid ou uniquement contre ses effets ?,03.2.info_traitements
Quel est le traitement contre le coronavirus ?,03.2.info_traitements
Quels médicaments prendre contre le @covid ?,03.2.info_traitements
"Si je suis malade du corona, y'a-t-il des médicaments recommandés ?",03.2.info_traitements
Quels symptômes arrive-t-on a attenuer ?,03.2.info_traitements
"SI j'ai le @covid, que dois-je prendre comme médicament ?",03.2.info_traitements
Il existe un remède contre le corona ?,03.2.info_traitements
Je suis vacciné contre la grippe suis-je immunisé ?,03.2.info_traitements
Quel traitement doivent-suivre les personnes infectées par le @covid ?,03.2.info_traitements
Quel traitement contre le Coronavirus ?,03.2.info_traitements
Comment puis-je me soigner ?,03.2.info_traitements
Le traitement est-il générique ou individuel à chaque personne ?,03.2.info_traitements
J'ai des symptômes d'être malade au covid-19 ?,03.3.Traitements_what_to_do_symptomes
Si je ressens des symptômes de la maladie ?,03.3.Traitements_what_to_do_symptomes
Comment faire la distinction avec les rhumes normaux ?,03.3.Traitements_what_to_do_symptomes
"Maux de tête, est-ce le @covidflag?",03.3.Traitements_what_to_do_symptomes
Comment puis-je savoir que je suis malade?,03.3.Traitements_what_to_do_symptomes
J'ai de la fièvre,03.3.Traitements_what_to_do_symptomes
Température,03.3.Traitements_what_to_do_symptomes
Quels sont les symptômes du @covid?,03.3.Traitements_what_to_do_symptomes
Comment un homme peut-il savoir qu'il est infecté?,03.3.Traitements_what_to_do_symptomes
Symptômes,03.3.Traitements_what_to_do_symptomes
Ce que @covid a comme symptomes ?,03.3.Traitements_what_to_do_symptomes
Détresse respiratoire,03.3.Traitements_what_to_do_symptomes
Suis-je infécté ? ,03.3.Traitements_what_to_do_symptomes
Toux irritante,03.3.Traitements_what_to_do_symptomes
Ai-je le covid-19 si j'ai des difficultés respiratoires et de la fièvre ?,03.3.Traitements_what_to_do_symptomes
Quels sont les symptômes typiques de cette maladie ?,03.3.Traitements_what_to_do_symptomes
J'ai de la température ; que faut-il faire ?,03.3.Traitements_what_to_do_symptomes
Comment se manifeste le @covid?,03.3.Traitements_what_to_do_symptomes
Quels sont les effets de COVID-19 ?,03.3.Traitements_what_to_do_symptomes
"Ma tête me fait mal, j'ai un @covid?",03.3.Traitements_what_to_do_symptomes
Que faire lorsque j'ai @covid?,03.3.Traitements_what_to_do_symptomes
Je me sens mal,03.3.Traitements_what_to_do_symptomes
A quoi reconnait-on le @covid?,03.3.Traitements_what_to_do_symptomes
Comment savoir si j'ai le @covid?,03.3.Traitements_what_to_do_symptomes
Que provoque le @covid ?,03.3.Traitements_what_to_do_symptomes
"Je tousse, que dois-je faire?",03.3.Traitements_what_to_do_symptomes
Je suis malade,03.3.Traitements_what_to_do_symptomes
J'ai une température et une toux. Ai-je un @covid?,03.3.Traitements_what_to_do_symptomes
Toux,03.3.Traitements_what_to_do_symptomes
Je ne me sens pas bien.,03.3.Traitements_what_to_do_symptomes
Ai-je le @covid?,03.3.Traitements_what_to_do_symptomes
Quels sont les symptômes principaux lorsque l'on a le COVID-19 ?,03.3.Traitements_what_to_do_symptomes
Je pense que j'ai @covid,03.3.Traitements_what_to_do_symptomes
Rhume,03.3.Traitements_what_to_do_symptomes
Cou incurvé,03.3.Traitements_what_to_do_symptomes
Quels sont les différences de symptômes entre la grippe et le @covid ?,03.3.Traitements_what_to_do_symptomes
Quels sont les symptomes du coronavirus ?,03.3.Traitements_what_to_do_symptomes
Est-ce que j'ai le coronavirus? ,03.3.Traitements_what_to_do_symptomes
Quels sont les indicateurs ?,03.3.Traitements_what_to_do_symptomes
Quels sont les symptômes de la maladie ?,03.3.Traitements_what_to_do_symptomes
j'ai mal au ventre est ce que ça peut etre le covid ?,03.3.Traitements_what_to_do_symptomes
Suis-je malade ?,03.3.Traitements_what_to_do_symptomes
J'ai peur d'avoir un @covid,03.3.Traitements_what_to_do_symptomes
Où commander le test pour le coronavirus ?,03.4.Treatment_depistage
Dois-je avoir une prescription médicale pour me faire tester ? ,03.4.Treatment_depistage
Est-il possible de détecter la maladie même pendant la période d'incubation ?,03.4.Treatment_depistage
Pourquoi ne plus tester tous les patients avec symptômes ?,03.4.Treatment_depistage
Ce que @covid a pour les indicateurs,03.4.Treatment_depistage
Dépistage @covid19,03.4.Treatment_depistage
Comment se faire tester ?,03.4.Treatment_depistage
Test @covid19,03.4.Treatment_depistage
Dois-je voir mon médecin pour me faire tester ? ,03.4.Treatment_depistage
Comment puis-je accéder à @covid ?,03.4.Treatment_depistage
Devrais-je aller à l'hôpital ?,03.4.Treatment_depistage
Comment savoir si je suis malade ?,03.4.Treatment_depistage
Comment se faire dépister du coronavirus ?,03.4.Treatment_depistage
Comment se passe un test ?  ,03.4.Treatment_depistage
Je fais partie des personnes à risque,03.4.Treatment_depistage
Est-ce obligatoire de se faire dépister? ,03.4.Treatment_depistage
Qui doit faire un test de dépistage ?,03.4.Treatment_depistage
Peut-on le tester sur @covid pendant la période d'incubation ?,03.4.Treatment_depistage
"Je corresponds aux critères de dépistage, où puis-je me faire tester ?",03.4.Treatment_depistage
Où faire un test ?,03.4.Treatment_depistage
Le dépistage des voyageurs est-il obligatoire ?,03.4.Treatment_depistage
"Test sur @covid, quand il est capable de détecter la maladie ?",03.4.Treatment_depistage
Dois-je aller à la salle d'urgence?,03.4.Treatment_depistage
Dois-je me faire tester ?,03.4.Treatment_depistage
Test obligatoire ? ,03.4.Treatment_depistage
Laissez-vous être testé,03.4.Treatment_depistage
Je dois me faire tester,03.4.Treatment_depistage
Où sont les points d'échantillonnage ?,03.4.Treatment_depistage
Est-il nécessaire de se faire tester ? ,03.4.Treatment_depistage
Où puis-je me faire dépister ? ,03.4.Treatment_depistage
Le test sur @covid est-il capable de détecter la maladie même pendant la période d'incubation ?,03.4.Treatment_depistage
Puis-je me tester à la maison ?,03.4.Treatment_depistage
Test @covd19 pour qui ?,03.4.Treatment_depistage
Vers qui puis-je me tourner si je veux être examiné pour la présence de @covid ?,03.4.Treatment_depistage
Qui doit faire le test @covid19 ? ,03.4.Treatment_depistage
Quelle est la stratégie des autorités sanitaires pour les tests ?,03.4.Treatment_depistage
Je veux tester si je suis positif au @covid,03.4.Treatment_depistage
Comment faire un test ?,03.4.Treatment_depistage
Mon médecin m'a prescrit un test,03.4.Treatment_depistage
Puis-je me tester ?,03.4.Treatment_depistage
"SI je suis en détresse respiratoire, que faire ?",03.5.Treatment_shortnessOfBreath
Une augmentation de la fréquence de respiration est-elle synonyme d'essouflement ?,03.5.Treatment_shortnessOfBreath
Qu'est-ce qui se manifeste par l'essoufflement ?,03.5.Treatment_shortnessOfBreath
Quelles sont les normales de taux d'oxygene dans le sang ?,03.5.Treatment_shortnessOfBreath
Quand s'agit-il d'essoufflement ?,03.5.Treatment_shortnessOfBreath
Qu'est-ce qu'une détresse respiratoire ?,03.5.Treatment_shortnessOfBreath
Qu'est ce que la saturation en oxygène ?,03.5.Treatment_shortnessOfBreath
Je n'arrive plus à respirer correctement. Que dois-je faire ?,03.5.Treatment_shortnessOfBreath
J'ai du mal à respirer. Que dois-je faire ?,03.5.Treatment_shortnessOfBreath
Comment réagir en cas d'essouflement ?,03.5.Treatment_shortnessOfBreath
Qu'est ce l'essoufflement et comment réagir ?,03.5.Treatment_shortnessOfBreath
Quels sont les symptômes de l'essoufflement ?,03.5.Treatment_shortnessOfBreath
Comment connaître mon taux d'oxygène ?,03.5.Treatment_shortnessOfBreath
Que doit-on faire si quelqun a du mal à respirer ?,03.5.Treatment_shortnessOfBreath
Comment puis-je savoir que je souffre d'essoufflement ?,03.5.Treatment_shortnessOfBreath
Qu'est-ce que l'essoufflement ?,03.5.Treatment_shortnessOfBreath
Quels sont les gestes à adopter lors d'une détresse respiratoire ?,03.5.Treatment_shortnessOfBreath
Un sifflement en cours de respiration est-elle synonyme d'essouflement ?,03.5.Treatment_shortnessOfBreath
Qu'est qu'un oxymètre de pouls ?,03.5.Treatment_shortnessOfBreath
"En cas de @covid, que doit-on éviter de prendre ?",03.6.Treatment_aggravatingFactors
Qu'est ce qui peut aggraver l'infection ?,03.6.Treatment_aggravatingFactors
"J'ai des anti inflamattoires prescrit suites à une opérations, et j'ai les symptôme du @covid, que faire ?",03.6.Treatment_aggravatingFactors
Quels sont les médicaments aggravants ?,03.6.Treatment_aggravatingFactors
Qu'est-il déconseiller de prendre en cas de symptômes ?,03.6.Treatment_aggravatingFactors
"Si je prend de la cortisone, dois-je interrompre mon traitement ?",03.6.Treatment_aggravatingFactors
La prise d'anti-inflammatoire peut-elle aggraver l'infection ?,03.6.Treatment_aggravatingFactors
"Si j'ai le @virus, quels médicaments sont proscrits ?",03.6.Treatment_aggravatingFactors
Certains médicaments sont-ils proscrits ? ,03.6.Treatment_aggravatingFactors
Dois-je arréter de prendre des anti inflammatoires ?,03.6.Treatment_aggravatingFactors
"SI j'ai le @covid, que dois-je éviter de prendre comme médicament ?",03.6.Treatment_aggravatingFactors
Est-ce que d'autres médicaments peuvent aggraver le COVID-19 ? ,03.6.Treatment_aggravatingFactors
Faut-il remplacer mon traitement à base d'inflamatoire ?,03.6.Treatment_aggravatingFactors
Quels sont les facteurs aggravant ?,03.6.Treatment_aggravatingFactors
Dois-je prendre de l'ibuprofène ? ,03.6.Treatment_aggravatingFactors
Puis-je prendre de l'ibuprofène ?,03.6.Treatment_aggravatingFactors
Dois-je prendre des anti-inflammatoires ?,03.6.Treatment_aggravatingFactors
"Je met une paumade à base de cortisone, est ce dangereux de continuer ?",03.6.Treatment_aggravatingFactors
Dois-je prendre de la cortisone ? ,03.6.Treatment_aggravatingFactors
"je suis malade, que dois-je faire ?",03.7.Treatment_doctor
Aide au diagnostic,03.7.Treatment_doctor
J'ai tous les symptômes dois-je aller chez le médecin ?,03.7.Treatment_doctor
Dans quel cas puis-je appeler le SAMU ?,03.7.Treatment_doctor
Que faire si les symptômes s'agravent avec des difficultés respiratoires ?,03.7.Treatment_doctor
Que dois-je faire si je suis détécté positif ?,03.7.Treatment_doctor
Puis-je aller à l'hopital si j'ai tous les symptômes du @covid ?,03.7.Treatment_doctor
J'ai des difficultés respiratoires. Puis-je appeler le SAMU ?,03.7.Treatment_doctor
Que dois-je faire si je suis un professionnel et détécté positif ?,03.7.Treatment_doctor
Qui contacter si j'ai le corona ?,03.7.Treatment_doctor
J'ai le COVID-19. Que dois-je faire ?,03.7.Treatment_doctor
Que dois-je faire si j'ai de la toux et de la fièvre ?,03.7.Treatment_doctor
"Je suis malade, je suis censé aller chez le médecin ?",03.7.Treatment_doctor
Que dois-je faire si je suis détecté positif au covid-19 ?,03.7.Treatment_doctor
"J'ai le @covid, que dois-je faire ?",03.7.Treatment_doctor
Que faire si j'ai le Coronavirus ? ,03.7.Treatment_doctor
l'industrie pharmaceutique pourra t elle produire assez de paracétamol et médicament ?,03.8.Treatment_Penurie
Il y a-t-il un problème d'accès au paracétamol ?,03.8.Treatment_Penurie
on va manquer de médoc ?,03.8.Treatment_Penurie
Il y a-t-il des problèmes d'accès aux médicaments ?,03.8.Treatment_Penurie
va t il y avoir une pénurie de doliprane ?,03.8.Treatment_Penurie
l'industrie pharmaceutique pourra t elle assurer l'approvisonnement de médicament ?,03.8.Treatment_Penurie
risque-t-il d'y avoir une pénurie de paracétamol ?,03.8.Treatment_Penurie
y aura t il assez de paracétamol pour surmonter la crise ?,03.8.Treatment_Penurie
va-t-on manquer de doliprane ?,03.8.Treatment_Penurie
on va manquer de doliprane ?,03.8.Treatment_Penurie
on va avoir une pénurie de médoc ?,03.8.Treatment_Penurie
y aura t il assez de médicament ?,03.8.Treatment_Penurie
Il y a-t-il pénurie de médicaments ?,03.8.Treatment_Penurie
Y a-t-il un risque de pénurie de médicaments ?,03.8.Treatment_Penurie
tu sais quoi sur le remède anti paludéen ?,03.9.Treatment_chloroquine
la chroloquine est elle efficace contre le @covid ?,03.9.Treatment_chloroquine
Chloroquine la solution ?,03.9.Treatment_chloroquine
que sais-tu sur le traitement anti-paludéen ?,03.9.Treatment_chloroquine
il parait que le vaccin anti palu serait un remède ,03.9.Treatment_chloroquine
Le traitement contre le paludisme est-il efficace pour le @covid?,03.9.Treatment_chloroquine
Puis-je prendre de la chloroquine de manière préventive ?,03.9.Treatment_chloroquine
Que sais-tu sur la chloroquine ?,03.9.Treatment_chloroquine
Pourquoi la chloroquine n'a toujours pas été médicalisé? ,03.9.Treatment_chloroquine
le traitement anti-paludéen est il efficace contre le @covid ?,03.9.Treatment_chloroquine
Qu’est ce que la Chloroquine ? ,03.9.Treatment_chloroquine
les médias et médecins rapportent que  les traitements anti paludéen guérissent le covid,03.9.Treatment_chloroquine
on m'a dit que les traitements anti paludéen guérissent contre le covid,03.9.Treatment_chloroquine
Qu'est-ce que le Plaquenil?,03.9.Treatment_chloroquine
Qu'est-ce que l'hydroxychloroquine? ,03.9.Treatment_chloroquine
Puis-je guérir en prenant de la chloroquine ?,03.9.Treatment_chloroquine
Pourquoi la chloroquine n'a toujours pas été distribuée pour guérir? ,03.9.Treatment_chloroquine
c'est utile de prendre de la chlorokine ?,03.9.Treatment_chloroquine
Puis je prendre de la Nivaquine,03.9.Treatment_chloroquine
Chloroquine le remède miracle ? ,03.9.Treatment_chloroquine
la chloroquine est-elle vraiment un remède miracle ?,03.9.Treatment_chloroquine
faut-il prendre de la chloroquine?,03.9.Treatment_chloroquine
"un traitement courant contre le paludisme montre des signes d’efficacité, que sais tu à ce sujet ?",03.9.Treatment_chloroquine
Quels documents sont nécessaires pour se déplacer ?,05.10.Confinement_attestation_procedureGlobale
"Pour les enseignants qui accueillent les enfants de soignants, leur faut-il un justificatif en plus de l'attestation ?",05.10.Confinement_attestation_procedureGlobale
Faut-il une attestation pour sortir? ,05.10.Confinement_attestation_procedureGlobale
je dois montrer aux policiers si je me fais arrêter ?,05.10.Confinement_attestation_procedureGlobale
L'attestation employeur a-t-elle une validité? ,05.10.Confinement_attestation_procedureGlobale
Certaines catégories de personnes sont-elles exemptées de cette attestation ?,05.10.Confinement_attestation_procedureGlobale
"Je suis un professionel de santé, dois-je avoir une attestation?",05.10.Confinement_attestation_procedureGlobale
Où puis-je trouver l'attestation Employeur ?,05.10.Confinement_attestation_procedureGlobale
Ou puis je trouver l'attestation ?,05.10.Confinement_attestation_procedureGlobale
Quel document dois-je présenter pour aller au travail ?,05.10.Confinement_attestation_procedureGlobale
Quelle attestation utiliser pour sortir? ,05.10.Confinement_attestation_procedureGlobale
"Je veux sortir de chez moi, que dois-je faire ?",05.10.Confinement_attestation_procedureGlobale
"je dois aller garder l'enfant de ma cousine, quel papier peut le confirmer ?",05.10.Confinement_attestation_procedureGlobale
Est-il possible d'utiliser son mobile pour les attestations? ,05.10.Confinement_attestation_procedureGlobale
Quel document dois-je présenter pour me déplacer ?,05.10.Confinement_attestation_procedureGlobale
Comment télécharger l'attestation ?,05.10.Confinement_attestation_procedureGlobale
"Je n'ai pas d’imprimante chez moi, comment faire ?",05.11.Confinement_attestation_details
Les attestations sont-elles renouvelables? ,05.11.Confinement_attestation_details
Les attestations sont-elles à usage unique?,05.11.Confinement_attestation_details
"Un ami ne sait pas lire, comment faire pour les attestations? ",05.11.Confinement_attestation_details
Dois-je signer l'attestation à la date du jour? ,05.11.Confinement_attestation_details
L’attestation implique qu’on doit toujours sortir avec une pièce d’identité ?,05.11.Confinement_attestation_details
Dois-je imprimer l'attestation ?,05.11.Confinement_attestation_details
J’ai des problèmes pour me déplacer. Puis-je bénéficier de la même attestation que mon accompagnateur ?,05.11.Confinement_attestation_details
je peux montrer mon attestation sur téléphone ?,05.11.Confinement_attestation_details
Peut-on cocher plusieurs cases et grouper ses sorties ?,05.11.Confinement_attestation_details
"J'ai besoin d'aller chez le médecin, quelle case je dois cocher ?",05.11.Confinement_attestation_details
Peut-on écrire au crayon à papier et gommer ?,05.11.Confinement_attestation_details
On ne précise pas l'heure du déplacement ?,05.11.Confinement_attestation_details
Faut-il que j'ai sur moi l'attestation ?,05.11.Confinement_attestation_details
Dois-je préciser la date sur l'attestation? ,05.11.Confinement_attestation_details
Puis-je présenter l'attestion sur mon mobile ?,05.11.Confinement_attestation_details
Comment font les personnes illettrées ? ,05.11.Confinement_attestation_details
"Quand c'est la même activité réalisée plusieurs fois, elle doit être automatiquement indiquée à la date du jour sur le formulaire ?",05.11.Confinement_attestation_details
Comment peut-on présenter l'attestation ?,05.11.Confinement_attestation_details
Dois-je recopier l’entièreté de l’attestation ou puis-je simplement inscrire le motif de ma sortie sur papier libre ?,05.11.Confinement_attestation_details
L’attestation implique qu’on doive toujours sortir avec une pièce d’identité ? ,05.11.Confinement_attestation_details
Comment remplir son attestation ? ,05.11.Confinement_attestation_details
L'attestation marche-t-elle sur smartphone ?,05.11.Confinement_attestation_details
Est-ce que je peux écrire au crayon sur les attestations? ,05.11.Confinement_attestation_details
Est-il possible de cocher plusieurs cases? ,05.11.Confinement_attestation_details
C’est à imprimer tous les jours ou juste une fois ? ,05.11.Confinement_attestation_details
Est-il indispensable d'imprimer l'attestation ou peut-on la remplir sur mobile/ordinateur et la présenter directement depuis son smartphone ?,05.11.Confinement_attestation_details
Comment faire pour les personnes illettrées?,05.11.Confinement_attestation_details
Que signifie exactement le confinement ?,05.1.Confinement_whatIsIt
Qu'est-ce que le confinement ? ,05.1.Confinement_whatIsIt
Un malade doit-il rester en confinement ?,05.1.Confinement_whatIsIt
Qu'est-ce que le confinement? ,05.1.Confinement_whatIsIt
Qu'est-ce que je fais en isolement?,05.1.Confinement_whatIsIt
Pourquoi faut-il faire un confinement ?,05.1.Confinement_whatIsIt
Que signifie isolement ?,05.1.Confinement_whatIsIt
Qu'est-ce que je dois faire  pendant un confinement?,05.1.Confinement_whatIsIt
Quelle est la description du confinement ?,05.1.Confinement_whatIsIt
Quelles sont les différences entre confinement et quarantaine ?,05.1.Confinement_whatIsIt
Que puis-je faire durant le confinement ?,05.1.Confinement_whatIsIt
Confinement et isolement sont les mêmes choses ?,05.1.Confinement_whatIsIt
quelle est la durée maximale de sortie ?,05.2.Confinement_Rules_goingOut
Est-ce possible de sortir ? ,05.2.Confinement_Rules_goingOut
Une sortie m'est-elle permise pendant le confinement ?,05.2.Confinement_Rules_goingOut
Ai-je le droit d'aller voir mon médecin ?,05.2.Confinement_Rules_goingOut
Comment adhérer aux règles de l'isolement ?,05.2.Confinement_Rules_goingOut
Puis-je me déplacer pour la garde de mes enfants ? ,05.2.Confinement_Rules_goingOut
je peux aller voir mes voisins?,05.2.Confinement_Rules_goingOut
Puis-je aller courir ?,05.2.Confinement_Rules_goingOut
Dans quels cas je peux me déplacer en dehors de chez moi ?,05.2.Confinement_Rules_goingOut
"Puis-je aller voir un film ou un match, aller à la piscine ?",05.2.Confinement_Rules_goingOut
Je peux aller courir sur la plage pendant le confinement ?,05.2.Confinement_Rules_goingOut
Qu'a t on le droit de faire en confinement ?,05.2.Confinement_Rules_goingOut
Quels déplacements sont autorisés? ,05.2.Confinement_Rules_goingOut
Ai-je le droit de faire du sport ?,05.2.Confinement_Rules_goingOut
Quelles sont les règles relatives à l'isolement sanitaire ?,05.2.Confinement_Rules_goingOut
Quelqu'un peut-il me rendre visite en quarantaine ?,05.2.Confinement_Rules_goingOut
Quels déplacements sont interdits? ,05.2.Confinement_Rules_goingOut
Puis-je me rendre chez un professionnel de santé ?,05.2.Confinement_Rules_goingOut
Puis-je aller en fôrêt pendant le confinement ?,05.2.Confinement_Rules_goingOut
"puis je aller chez mes parents m'installer, ils ont une maison à la campagne et on pourra faire des barbecue",05.2.Confinement_Rules_goingOut
Quelles sont les règles du confinement ?,05.2.Confinement_Rules_goingOut
Je veux aller au cinéma ,05.2.Confinement_Rules_goingOut
Durant la quarantaine mon copain peut il me rendre visite pour m'apporter les courses ?,05.2.Confinement_Rules_goingOut
Mon père peut-il venir m'apporter mes médicaments pendant le confinement ?,05.2.Confinement_Rules_goingOut
Puis-je sortir de ma maison ?,05.2.Confinement_Rules_goingOut
Aller se dégourdir les jambes au bord de la plage durant le confinement est-il interdit ?,05.2.Confinement_Rules_goingOut
Quelles sont les règles pratiques pour le confinement ?,05.2.Confinement_Rules_goingOut
Puis-je faire du sport ?,05.2.Confinement_Rules_goingOut
Puis-je accepter ma visite pendant la quarantaine ?,05.2.Confinement_Rules_goingOut
J'ai le droit d'aller marcher sur les bords de seine pendant le confiement ?,05.2.Confinement_Rules_goingOut
Puis-je accepter des visites pendant le confinement ?,05.2.Confinement_Rules_goingOut
Puis-je faire du sport en groupe ? ,05.2.Confinement_Rules_goingOut
"il faut que j'aille dans ma maison secondaire, ai-je le droit de me déplacer ?",05.2.Confinement_Rules_goingOut
Quelqu'un peut-il venir me rendre visite pdt le confinement?,05.2.Confinement_Rules_goingOut
Je peux voir un match de foot,05.2.Confinement_Rules_goingOut
Pour quelles raisons ai je le droit de me déplacer ?,05.2.Confinement_Rules_goingOut
Puis-je aider mes grands-parents ?,05.2.Confinement_Rules_goingOut
Ai-je le droit de faire de me balader ? ,05.2.Confinement_Rules_goingOut
Ma famille peut-elle me rendre visite pendant ma quarantaine ?,05.2.Confinement_Rules_goingOut
Ai-je le droit d'aller voir mon médecin ? ,05.2.Confinement_Rules_goingOut
J'ai le droit de sortir promener mon chier à plus de 2 kms pendant le confinement ?,05.2.Confinement_Rules_goingOut
Je peux me rendre dans ma maison de vacances ?,05.2.Confinement_Rules_goingOut
Ma famille peut-elle me rendre visite pendant mon confinement ?,05.2.Confinement_Rules_goingOut
Comment faire pour me rendre dans ma maison de vacance dans le sud ?,05.2.Confinement_Rules_goingOut
"puis je aller voir ma grand mère pour jouer au scrable avec elle, elle s'ennuie ?",05.2.Confinement_Rules_goingOut
Quels sont les déplacements autorisés pendant le confinement ?,05.2.Confinement_Rules_goingOut
Les visites sont-elles autorisées pendant la quarantaine ?,05.2.Confinement_Rules_goingOut
Puis je aller dans ma résidence secondaire ?,05.2.Confinement_Rules_goingOut
"Je suis en quarantaine à la maison, mes parents peuvent-ils venir ?",05.2.Confinement_Rules_goingOut
Qui peut venir me visiter si je suis en quarantaine ?,05.2.Confinement_Rules_goingOut
"pourquoi faire un tennis c'est pas autorisé, y a pas de contact",05.2.Confinement_Rules_goingOut
Qui peut me rendre visite ?,05.2.Confinement_Rules_goingOut
j'ai envie de faire un tennis,05.2.Confinement_Rules_goingOut
Les visites sont-elles autorisées pendant la confinement?,05.2.Confinement_Rules_goingOut
Combien de temps le confinement va-t-il durer ?,05.3.Confinement_time
Combien de temps vais-je être coincé à la maison?,05.3.Confinement_time
Ca se termine quand le confinement ?,05.3.Confinement_time
A quel moment le confinement prendra fin ?,05.3.Confinement_time
@covid on en sort quand ?,05.3.Confinement_time
Combien de temps dois-je mettre en isolement?,05.3.Confinement_time
c'est quand qu'on sort de ce @covid ?,05.3.Confinement_time
C'est quand la fin officiel du confinement ?,05.3.Confinement_time
c'est quand la fin de la quarantaine ?,05.3.Confinement_time
pour quand est prévu la fin du @covid ?,05.3.Confinement_time
le @covid se termine quand ?,05.3.Confinement_time
Combien de temps va durer le confinement? ,05.3.Confinement_time
Quand le confinement va t il se terminer ?,05.3.Confinement_time
Combien de temps dois-je rester en confinement?,05.3.Confinement_time
quand aura-t-on le droit de sortir ?,05.3.Confinement_time
Le télétravail est-il permis pendant le confinement ?,05.4.Confinement_Work
Que doit-faire mon employeur si le télétravail est impossible dans mon secteur ?,05.4.Confinement_Work
Puis-je aller travailler ?,05.4.Confinement_Work
Puis-je me rendre au travail en transport si le télétravail est impossible ?,05.4.Confinement_Work
Puis-je télétravailler pendant le confinement ?,05.4.Confinement_Work
Puis-je rester chez moi pour effectuer du télétravail ?,05.4.Confinement_Work
Que faire si le télétravail n'est pas possible ?,05.4.Confinement_Work
Puis-je effectuer du télétravail pendant le confinement ?,05.4.Confinement_Work
Télétravail ?,05.4.Confinement_Work
Est-ce que je peux travailler à la maison?,05.4.Confinement_Work
"Si le télétravail n’est pas possible, le travail est-il possible pour tous ?",05.4.Confinement_Work
Je peux ne peux pas travailler à la maison,05.4.Confinement_Work
Le télétravail est-il le mode de travail préconisé pendant le confinement ?,05.4.Confinement_Work
Je ne peux pas télétravailler.,05.4.Confinement_Work
Comment puis-je travailler lorsque je suis mis en quarantaine?,05.4.Confinement_Work
teletravail je ne peux pas.,05.4.Confinement_Work
Puis-je me rendre au travail pendant le confinement ?,05.4.Confinement_Work
"Si le télétravail est impossible, puis-je me rendre sur site IBM par mes propres moyens ?",05.4.Confinement_Work
Le télétravail est-il préconisé en période de confinement ?,05.4.Confinement_Work
Puis-je travailler de la maison pendant la quarantaine?,05.4.Confinement_Work
Quels documents dois-je avoir en ma possession si je me rends au travail par mes propes moyens ?,05.4.Confinement_Work
"Je suis mis en quarantaine et je ne peux pas aller travailler, que dois-je faire?",05.4.Confinement_Work
Comment travailler pendant le confinement ?,05.4.Confinement_Work
Mon commerce d'alimentation de proximité risque t'il de fermer ?,05.5.Confinement_food
Puis-je faire mes courses au supermarché ou à l'épicerie ?,05.5.Confinement_food
Est-ce que je rsique d'être contaminée si je vais faire mes courses ?,05.5.Confinement_food
Puis-je commander sur internet mes courses ?,05.5.Confinement_food
Un magasin a-t-il le droit de me rationner en quantité de produit ?,05.5.Confinement_food
Aurais je à manger la semaine prochaine ?,05.5.Confinement_food
Quelle distance de sécurité faut-il respecter dans les files d'attentes ?,05.5.Confinement_food
Quels sont les horaires dans lesquels je pourrai effectuer mes courses ?,05.5.Confinement_food
"il n'y a plus de pates, farine et oeuf dans les supermarchés, les lignes d'approvisionnement fonctionnent-elles ?",05.5.Confinement_food
Existe-t-il un risque de rupture dans la chaine d'approvisionnement ?,05.5.Confinement_food
Les supermarchés seront-ils ouverts pendant le confinement ?,05.5.Confinement_food
 Puis-je faire mes courses au supermarché ou à l'épicerie ?,05.5.Confinement_food
Les magasins seront-ils approvisionner ?,05.5.Confinement_food
La france a t'elle des stock de papier toilettes ?,05.5.Confinement_food
Allons nous être rationné dans certains articles ?,05.5.Confinement_food
Les entrepots des magasins ont-il une réserve suffisante ?,05.5.Confinement_food
Puis-je faire mes courses pendant le confinement ?,05.5.Confinement_food
Y'a-t-il une pénurie du papier toilette ?,05.5.Confinement_food
Les supermarchés vont-ils être  approvisioné ?,05.5.Confinement_food
Puis-je faire des courses pendant le confinement ?,05.5.Confinement_food
Est-ce risquer d'aller faire ses courses ?,05.5.Confinement_food
Je peux sortir faire mes courses pendant le confinement ?,05.5.Confinement_food
Y'a plus rien dans les magasins !! quand seront-ils approvisionner ?,05.5.Confinement_food
Comment je fais mes courses ?,05.5.Confinement_food
Les transporteurs continuent ils a approvisionner les magasins ?,05.5.Confinement_food
Je peux aller acheter le pain pendant le confinement ?,05.5.Confinement_food
Pourquoi les gens achetent ils tous du papier toilettes ?,05.5.Confinement_food
Puis-je me faire livrer mes courses ?,05.5.Confinement_food
Que se passe-t-il après la fin de la période de fermeture ?,05.6.Confinement_school
La fac est fermées ?,05.6.Confinement_school
Les écoles sont-elles fermées ?,05.6.Confinement_school
Est-ce qu'on va fermer les universités ?,05.6.Confinement_school
"Les lycées sont fermés, comment mon fils va-t-il s'entrainer pour le bac ?",05.6.Confinement_school
je suis nulle en maths comment puis je aider ma fille à faire ses devoirs ?,05.6.Confinement_school
L'éducation ca continue ?,05.6.Confinement_school
Je suis étudiant de santé. Que dois-je faire pour aider ?,05.6.Confinement_school
Les universités sont-elles closes ?,05.6.Confinement_school
Je dois aller à l'école,05.6.Confinement_school
Jusque quand sont fermées les écoles et les universités ?,05.6.Confinement_school
Le baccalauréat sera-t-il maintenu cette année?,05.6.Confinement_school
Comment puis-je continuer mes cours pendant le confinement ?,05.6.Confinement_school
Mon enfant peut-il aller à l'école?,05.6.Confinement_school
Et l'école ?,05.6.Confinement_school
Mon enfant doit-il rester à la maison?,05.6.Confinement_school
comment mon fils va faire pour le bac ?,05.6.Confinement_school
Est-ce que le baccalauréat sera maintenu cette année?,05.6.Confinement_school
Comment faire vu que les écoles ont fermés ?,05.6.Confinement_school
Des classes virtuelles seront-elles organisées ?,05.6.Confinement_school
Quand les écoles vont-elles réouvrir ?,05.6.Confinement_school
A quelle date les écoles vont-elles réouvrir?,05.6.Confinement_school
Puis-je aller en cours ?,05.6.Confinement_school
Puis-je aller à l'école pendant le confinement ?,05.6.Confinement_school
Comment puis-je obtenir les dernières nouvelles sur la fermeture de mon école?,05.6.Confinement_school
Comment je continue l'école ?,05.6.Confinement_school
Quel sera l'impact sur le bac dans les lycées?,05.6.Confinement_school
Les professionnels des EHPAD sont également mobilisés afin de modifier les habitudes au sein de ces structures.,05.7.Confinement_Senior
"La situation dans les EPAD va être dramatique, comment y remedier ?",05.7.Confinement_Senior
Est-ce que les personnes âgées peuvent sortir?,05.7.Confinement_Senior
Faut-il que nous allions chercher notre père dans son EHPAD ?,05.7.Confinement_Senior
Ma mère en EHPAD est elle en sécurité ?,05.7.Confinement_Senior
"Réduction massive des visites : enfants de moins de 15 ans, proches ou extérieurs présentant des symptômes ou malades.",05.7.Confinement_Senior
Le personnel en EHPAD est-il assez nombreux ?,05.7.Confinement_Senior
Quelles sont les mesures de confinement pour les personnes âgées ? ,05.7.Confinement_Senior
Recommandations pour les personnes pendant 70 ans,05.7.Confinement_Senior
Comment sont gerés les visites en EHPAD ?,05.7.Confinement_Senior
Ai-je le droit d'aller visiter ma Grand-Mère ?,05.7.Confinement_Senior
Les maisons de retraite sont elles sure ?,05.7.Confinement_Senior
Comment se passe la confinement pour des personnes agées ?,05.7.Confinement_Senior
Puis-je rendre visite à une personne âgée ?,05.7.Confinement_Senior
Les résidents des EHPAD utilisent ils toujours les pieces communes ?,05.7.Confinement_Senior
Existe-t-il un plan special pour proteger les seniors ?,05.7.Confinement_Senior
Comment vivent les personnes agées en confinement ?,05.7.Confinement_Senior
Y'a t'il assez de personnel soignant dans les maisons de retraite ?,05.7.Confinement_Senior
Tous les EHPAD sont ils confinés ?,05.7.Confinement_Senior
Faut-il plus de personnel soignant dans les EHPAD ?,05.7.Confinement_Senior
Quelles sont les mesures pour les personnes âgées ?,05.7.Confinement_Senior
Des visites sont elles possibles aux personnes agées isolée ?,05.7.Confinement_Senior
Ma fille peut-elle aller rendre visite a son grand-père ?,05.7.Confinement_Senior
Comment aider ma grand-mère qui vie seule à la campagne ?,05.7.Confinement_Senior
Faut-il faire venir notre mère à la maison ?,05.7.Confinement_Senior
Les repas sont ils prit en commun dans les EHPAD ?,05.7.Confinement_Senior
Le service de la Poste au pret des personnes agés est-il maintenu ?,05.7.Confinement_Senior
Mon fils peut il aller voir sa grand-mère ?,05.7.Confinement_Senior
Les deux parents peuvent-ils être en arrêts en même temps ?,05.8.Confinement_stopWorking
Quelles sont les conditions pour un parent pour être en arrêt ?,05.8.Confinement_stopWorking
Mon employeur va t'il faire les demarche pour que je puisse garder mon fils.,05.8.Confinement_stopWorking
Quelle est la procédure à suivre pour bénéficier de cet arrêt de travail?,05.8.Confinement_stopWorking
Comment obtenir un arrêt de travail pour garder mes enfants pendant le confinement ?,05.8.Confinement_stopWorking
"Je dois garder mes enfants, comment faire ?",05.8.Confinement_stopWorking
"L’école de mes enfants est fermée, comment faire ?",05.8.Confinement_stopWorking
Comment demander l'arret pour garde d'enfant ?,05.8.Confinement_stopWorking
"Dois-je contacter, la Caisse Primaire d'Assurance Maladie pour faire valoir mes droits à la garde d'enfants ?",05.8.Confinement_stopWorking
J'ai mes enfants à garder je ne peux pas travailler,05.8.Confinement_stopWorking
"Mon fils de 18 ans est handicapé, puis-je bénéficier d'un arrêt ?",05.8.Confinement_stopWorking
Comment garder ces enfants ?,05.8.Confinement_stopWorking
Comment mettre en place mon travail dans le cadre d'un isolement ?,05.8.Confinement_stopWorking
Comment un parent peut béneficier de l'arrêt ?,05.8.Confinement_stopWorking
J'ai un enfant de 10 ans. Que dois-je faire ?,05.8.Confinement_stopWorking
Est-il possible de poser un arrêt pour garde d'enfants de moins de 16ans ?,05.8.Confinement_stopWorking
J'ai un enfant de moins de 16 ans. Puis-je bénéficier de l'arrêt de travail ?,05.8.Confinement_stopWorking
Puis-je poser un arrêt pour garder mes enfants ?,05.8.Confinement_stopWorking
Quelles sont les droits de parents d'enfants handicapés ?,05.8.Confinement_stopWorking
Puis je alterner l'arret pour garder des enfants avec ma femme ?,05.8.Confinement_stopWorking
"Je suis une mère isolée, puis m'arreter pour garder mes enfants ?",05.8.Confinement_stopWorking
"Je dois garder mes enfants, puis je me mettre en arrêt ?",05.8.Confinement_stopWorking
Quelle est la procédure à suivre par l'employeur pour l'arret garde d'enfant?,05.8.Confinement_stopWorking
"Mon mari ne peut pas garder les enfants, puis je poser un arret ?",05.8.Confinement_stopWorking
Combien de temps est valable l'arrêt ?,05.8.Confinement_stopWorking
Quelles sont les sanctions si on sort ?,05.9.Confinement_violation
Les forces de l'ordre font-elles des contrôles approfondis ?,05.9.Confinement_violation
Qu'est ce qu'on encourt si on sort sans autorisation ?,05.9.Confinement_violation
Les policiers peuvent-ils m'arrêter dans la rue ?,05.9.Confinement_violation
Qui contrôle les personnes en confinement?,05.9.Confinement_violation
A qui dois-je présenter mon autorisation de déplacement ?,05.9.Confinement_violation
A combien se porte l'amende? ,05.9.Confinement_violation
à combien est l'amende ?,05.9.Confinement_violation
Quels sont les risques sans attestation ?,05.9.Confinement_violation
Comment le confinement se fait-il respecter ?,05.9.Confinement_violation
Quelle est la majoration en cas de récidive d'absence d'autorisation ?,05.9.Confinement_violation
Qui peut me contrôler ?,05.9.Confinement_violation
Reconduite à domicile en cas d'amende ?,05.9.Confinement_violation
Quelle est l'amende si je sors sans raison ?,05.9.Confinement_violation
La Police Municipale a-t-elle le droit de me demander mon autorisation de déplacement ?,05.9.Confinement_violation
"J'ai oublié plusieurs fois ma attestation, est-ce grave ?",05.9.Confinement_violation
Qui contrôle les personnes en isolement?,05.9.Confinement_violation
Quelles sont les amendes si je sors sans attestation de déplacement ? ,05.9.Confinement_violation
Les amendes sont elles élevées ?,05.9.Confinement_violation
Quelle est l'amende si je n'ai pas d'attestation ?,05.9.Confinement_violation
Quelles sont les amendes si on se rend dans notre maison de campagne ?,05.9.Confinement_violation
Est-ce que je risque la prison si je récidive ? ,05.9.Confinement_violation
A quelles sanctions suis-je exposé si je sors sans autorisation ?,05.9.Confinement_violation
C'est interdit de voyager en Europe aussi ?,06.1.travel_ability
Quelles sont les consignes si je pars en voyage ?,06.1.travel_ability
il y a-t-il des vols pour aller à l'étranger pendant le confinement ?,06.1.travel_ability
Puis-je aller à l'étranger pendant le confinement ?,06.1.travel_ability
Combien de temps les frontières vont-elle être fermées ?,06.1.travel_ability
Comment faire pour quitter la france et me confiner dans ma maison à l'étranger ?,06.1.travel_ability
Puis-je partir en vacances à l'étranger ?,06.1.travel_ability
"Je souhaite retrouver ma famille en Italie, est-ce possible ?",06.1.travel_ability
Puis-je fuir le corona en m'exilant à l'étranger ?,06.1.travel_ability
Quelles sont les frontières fermées avec la France ?,06.1.travel_ability
Les voyages à l'étranger sont-ils possibles en période de confinement ?,06.1.travel_ability
Je peux me rendre dans ma maison secondaire à l'étranger ?,06.1.travel_ability
"Je veux partir hors de France, y a-t-il des avions ou des trains ?",06.1.travel_ability
Puis-je me rendre dans ma résidence en espagne ?,06.1.travel_ability
Puis-je quitter la France ?,06.1.travel_ability
Est-ce que je peux prendre l'avion pour un pays en dehors de l'Europe ?,06.1.travel_ability
"j'ai une double nationalité, puis-je rentrer dans mon autre pays ?",06.1.travel_ability
C'est vrai que les aéroports sont fermés ?,06.1.travel_ability
Quelles sont les règles de voyage ?,06.1.travel_ability
Quels pays ont fermés leur frontières ?,06.1.travel_ability
Pour combien de temps les frontières sont-elles fermées,06.1.travel_ability
"j'ai un billet pour Paris demain, je peux prendre l'avion malgré le confinement ?",06.2.travel_backToFrance_WhenAndHow
"Je suis résident français et bloqué à l'étranger, que faire ?",06.2.travel_backToFrance_WhenAndHow
Je suis un ressortissant français actuellement en déplacement temporaire à l’étranger. Dois-je rentrer immédiatement en France ?,06.2.travel_backToFrance_WhenAndHow
je veux pas revenir en France moi...,06.2.travel_backToFrance_WhenAndHow
Y a-t-il des personnes prioritaires  pour le rapatriement ? Personnes fragiles ? Etudiants ?,06.2.travel_backToFrance_WhenAndHow
La france organise t elle le rapatriement de ses ressortissants ?,06.2.travel_backToFrance_WhenAndHow
"J'ai du me rendre à l'étranger il y a 2 semaines et je veux rentrer en France, c'est possible ?",06.2.travel_backToFrance_WhenAndHow
"Je suis actuellement en déplacement temporaire à l’étranger et je suis en attente d’un vol, mais ne dispose pas d’hébergement et suis en difficulté, un service d’urgence peut-il me venir en aide ?",06.2.travel_backToFrance_WhenAndHow
"J’ai un vol dans quelques jours, dois-je attendre ou essayer de rentrer maintenant ?",06.2.travel_backToFrance_WhenAndHow
comment rentrer en France si on est à l'étranger ?,06.2.travel_backToFrance_WhenAndHow
"J’ai déjà un billet, dois-je l’annuler et me faire rapatrier ?",06.2.travel_backToFrance_WhenAndHow
"Je suis Français, actuellement en deplacement à l'étranger, comment va être organisé le retour des Français ?",06.2.travel_backToFrance_WhenAndHow
"Je suis à l'étranger, dois-je demander le rapatriement ?",06.2.travel_backToFrance_WhenAndHow
"Si je suis déjà à l'étranger, pourrais-je revenir en France pendant la période de confinement ?",06.2.travel_backToFrance_WhenAndHow
sérieux il faut que je rentre en France maintenant ?,06.2.travel_backToFrance_WhenAndHow
Je suis bloqué en Chine que faire ?,06.2.travel_backToFrance_WhenAndHow
comment fonctionne le rapatriement de ressortissants français ?,06.2.travel_backToFrance_WhenAndHow
c'est vrai qu'il faut être rapatrié si on est à l'étranger ?,06.2.travel_backToFrance_WhenAndHow
Est-ce qu'il y a des créneaux pour revenir en France ?,06.2.travel_backToFrance_WhenAndHow
Comment faire si un vol international n’est pas assuré lors d’une correspondance et que je reste bloqué à l’aéroport en zone internationale ?,06.2.travel_backToFrance_WhenAndHow
"Je suis à l'étranger, quand et comment rentrer en France ?",06.2.travel_backToFrance_WhenAndHow
Je suis à l'étranger et je n'arrive pas à contacter le consulat que faire ?,06.3.travel_backToFrance_Contact
il y a un contact avec le ministère des affaires etrangères pour les français à l'étranger ?,06.3.travel_backToFrance_Contact
Aide moi à trouver les numéros du consulat et de l'ambassade de France aux Etats-Unis,06.3.travel_backToFrance_Contact
Je ne trouve pas le nuémro de L'ambassade de France en Chine,06.3.travel_backToFrance_Contact
Quels sont les points de contact pour les Français à l'étranger ?,06.3.travel_backToFrance_Contact
Où trouver les coordonnées des ambassades françaises ?,06.3.travel_backToFrance_Contact
"Je suis bloqué à l'étranger, qui contacter ?",06.3.travel_backToFrance_Contact
les consulats sont ouverts ?,06.3.travel_backToFrance_Contact
"Je suis à l'étranger, qui puis-je contacter ?",06.3.travel_backToFrance_Contact
je suis à l'étranger et l'ambassade ne répond pas que faire?,06.3.travel_backToFrance_Contact
Qui contacter lorsque je suis dans une zone de risque ?,06.3.travel_backToFrance_Contact
j'essaie d'appeler l'amabssade mais personne ne répond,06.3.travel_backToFrance_Contact
les lignes de l'ambassade sont saturées ! que faire ?,06.3.travel_backToFrance_Contact
"Je suis à l'étranger, qui contacter?",06.3.travel_backToFrance_Contact
"Je suis à l'étranger, qui puis-je contacter?",06.3.travel_backToFrance_Contact
Je n'arrive pas à contacter le consulat !,06.3.travel_backToFrance_Contact
A qui je peux téléphoner si je suis à l'étranger pour me faire rapatrier ?,06.3.travel_backToFrance_Contact
Je n'arrive pas à contacter l'ambassade !,06.3.travel_backToFrance_Contact
Où trouver les coordonnées des du consulat ?,06.3.travel_backToFrance_Contact
Les compagnies aériennes sont injoignables,06.4.travel_backToFrance_flightBackInfo
Les vols sont-ils annulés ?,06.4.travel_backToFrance_flightBackInfo
Ma compagnie aerienne a-t-elle obligation de me fournir un vol retour ?,06.4.travel_backToFrance_flightBackInfo
Est-il possible de revenir par un autre vol ?,06.4.travel_backToFrance_flightBackInfo
"Si ma compagnie aerienne n'est pas joignable, qui puis-je contacter ?",06.4.travel_backToFrance_flightBackInfo
La compagnie aérienne ne répond pas,06.4.travel_backToFrance_flightBackInfo
Quelles sont les infos sur les vols retour ?,06.4.travel_backToFrance_flightBackInfo
Y a t-il des vols pour rentrer en France ? ,06.4.travel_backToFrance_flightBackInfo
Les compagnies aériennes maintiennent elles leurs vols ?,06.4.travel_backToFrance_flightBackInfo
Les vols sont-ils maintenus ?,06.4.travel_backToFrance_flightBackInfo
Quels sont les vols maintenus ?,06.4.travel_backToFrance_flightBackInfo
Je ne parviens pas à joindre ma compagnie aérienne.,06.4.travel_backToFrance_flightBackInfo
Je veux savoir si mon vol pour rentrer en france sera maintenu la semaine prochaine mais personne ne répond au standard téléphonique.,06.4.travel_backToFrance_flightBackInfo
Comment savoir si mon vol sera maintenu ?,06.4.travel_backToFrance_flightBackInfo
Existe-t-il un site pour savoir si mon vol est maintenu ?,06.4.travel_backToFrance_flightBackInfo
Les compagnies aériennes suspendent elles leurs vols ?,06.4.travel_backToFrance_flightBackInfo
Faut-il appeler l'aeroport ou la compagnie aerienne pour se renseigner sur les vols retour ?,06.4.travel_backToFrance_flightBackInfo
Par quel biais joindre ma compagnie aérienne ?,06.4.travel_backToFrance_flightBackInfo
Où est-il préférable de traverser la frontière entre pays de Schengen ?,06.6.travel_backToFrance_landingnearfrontier
Puis je attérir dans un pays limitrophe ? ,06.6.travel_backToFrance_landingnearfrontier
Est-ce que ça ira si je prends un vol qui atterit en Suisse ?,06.6.travel_backToFrance_landingnearfrontier
Peut-on encore franchir une frontière entre pays de la zone Schengen ?,06.6.travel_backToFrance_landingnearfrontier
Quel moyen de transport favoriser pour rentrer de l'étranger ?,06.6.travel_backToFrance_landingnearfrontier
Me sera t'il possible de rentrer du royaume unis ?,06.6.travel_backToFrance_landingnearfrontier
Puis-je transiter par un pays de l'espace Schengen ?,06.6.travel_backToFrance_landingnearfrontier
Quels sont les accords entre pays membres de l'EU pour la ciculation ?,06.6.travel_backToFrance_landingnearfrontier
Puis-je revenir en france en faisant des escales ?,06.6.travel_backToFrance_landingnearfrontier
"Si je réside en France et que j’atterris à Londres, serai-je autorisé à rejoindre mon domicile ?",06.6.travel_backToFrance_landingnearfrontier
Comment se passe le franchissement d'une frontière de l'espace Schengen ?,06.6.travel_backToFrance_landingnearfrontier
Est-il préferéble de revenir en France avec un vol sans escale ?,06.6.travel_backToFrance_landingnearfrontier
"Je rentre en France mais mon vol attéris à la frontière espagnol, je peux rentrer en France ?",06.6.travel_backToFrance_landingnearfrontier
"J'atterris à Bruxelle, je peux rentrer en France ?",06.6.travel_backToFrance_landingnearfrontier
Les contrôles à la frontière ont-ils été rétablis ?,06.6.travel_backToFrance_landingnearfrontier
Les aeroports vont-ils fermer ?,06.6.travel_backToFrance_landingnearfrontier
Qui a rétablit des contrôles à ses frontières  ?,06.6.travel_backToFrance_landingnearfrontier
Que faire si je suis bloqué lors d'une escale ?,06.6.travel_backToFrance_landingnearfrontier
Je suis résident français et j'atteris dans un pays frontalier ,06.6.travel_backToFrance_landingnearfrontier
"Mon passeport est périmée, l'ambassade ne répond pas mais je dois rentrer en france de toute urgence car ils ferment les frontières",06.7.travel_backToFrance_passportIssue
Mon conccubin n'a pas de passeport à jour que faire ?,06.7.travel_backToFrance_passportIssue
Comment puis-je obtenir une autorisation de rentrer en France ?,06.7.travel_backToFrance_passportIssue
J'ai perdu mon passeport,06.7.travel_backToFrance_passportIssue
J’ai une double nationalité. Mon passeport étranger est en cours de validité mais mon passeport français est périmé. J’ai une carte d’identité française en cours de validité. Est-ce que je peux voyager vers la France avec mon passeport français périmé et ma carte d’identité française en cours de validité ?,06.7.travel_backToFrance_passportIssue
Quels documents les mineurs doivent présenter pour rentrer en France ?,06.7.travel_backToFrance_passportIssue
Je viens d’accoucher à l’étranger et mon bébé n’a pas encore de document d’identité français. Est-ce qu’il peut voyager vers la France ?,06.7.travel_backToFrance_passportIssue
"Ma date de validité de mon passeport est périmée, comment rentrer en france ?",06.7.travel_backToFrance_passportIssue
Puis-je avoir un laissez-passer pour rentrer en France ?,06.7.travel_backToFrance_passportIssue
Quel delais faut-il pour obtenir un laisser-passer ?,06.7.travel_backToFrance_passportIssue
Une carte d'identité expirée de moins de 5 ans est-elle encore valide ?,06.7.travel_backToFrance_passportIssue
On m'a volé mon passeport,06.7.travel_backToFrance_passportIssue
Que dois-je faire si la date de mon passport est périmée ?,06.7.travel_backToFrance_passportIssue
Y'a t'il un assouplissement de la valididté des papiers d'identités ?,06.7.travel_backToFrance_passportIssue
"Je viens d'avoir un bébé mais il n'a pas encore de passeport, quelle est la procédure ?",06.7.travel_backToFrance_passportIssue
J’ai une double nationalité. Mon passeport étranger est en cours de validité mais mon passeport français est périmé et je n’ai pas de carte d’identité française en cours de validité. Est-ce que je peux voyager vers la France ?,06.7.travel_backToFrance_passportIssue
Quelles demarches dois-je faire au pret de mon consulat ?,06.7.travel_backToFrance_passportIssue
"J'ai un problème avec mon passeport pour rentrer en France, que faire ?",06.7.travel_backToFrance_passportIssue
Je suis en déplacement temporaire à l’étranger et j’ai perdu mon passeport. Est-ce que je peux voyager vers la France sans document d’identité ?,06.7.travel_backToFrance_passportIssue
Est-il encore possible d'effectuer des voyages internationaux ?,06.8.travel_frenchLivingAbroad
"Je suis à l'etranger, faut-il que je me signale aux autorités françaises ?",06.8.travel_frenchLivingAbroad
Je suis ressortissant français et vis habituellement à l’étranger. Est-ce que je peux voyager vers la France ?,06.8.travel_frenchLivingAbroad
Aujourd'hui je suis en bonne santé mais je veux rentrer en France.,06.8.travel_frenchLivingAbroad
"Je suis Français, faut-il que je reste dans le pays ou je vie ?",06.8.travel_frenchLivingAbroad
"Vue les conditions sanitaire ou je me trouve, puis-je être rappatrier ?",06.8.travel_frenchLivingAbroad
Quelles sont les demarches pour faire connaitre ma situation à l'etranger ?,06.8.travel_frenchLivingAbroad
Est-il possible de se faire rappatrier ?,06.8.travel_frenchLivingAbroad
"Je suis Français, ayant votre résidence habituelle en dehors de l’espace européen, comment va être organisé le retour des Français ?",06.8.travel_frenchLivingAbroad
Qui dois-je contacter pour organiser mon rappatriement ?,06.8.travel_frenchLivingAbroad
"Je vie à l'etranger ma famille est en France, puis-je rentrer ?",06.8.travel_frenchLivingAbroad
"Mon logement principal est en Esapgne, dois-je rentrer en France ?",06.8.travel_frenchLivingAbroad
"Mes conditions médicales requièrent un rappatriement, comment faire ?",06.8.travel_frenchLivingAbroad
"Je suis français mais j'habite en Chine, dois-je quand même demander le rapatriement ?",06.8.travel_frenchLivingAbroad
"Je vis en Italie mais suis Francais, suis-je obligé de rentrer en France pour le confinement ?",06.8.travel_frenchLivingAbroad
"Je suis Français résidant à l'étranger, que faire ?",06.8.travel_frenchLivingAbroad
"Je suis en Afrique, il m'est impossible de joindre des représentants français.",06.8.travel_frenchLivingAbroad
"Je vis à l'étranger, dois-je y rester ?",06.8.travel_frenchLivingAbroad
"Ma maison principale est en Italie, en tant que français, dois-je rentrer en France ?",06.8.travel_frenchLivingAbroad
"J'ai un visa court séjour, comment le proroger ?",06.9.travel_foreigners
Mon fils n'a pas de titre de séjour.,06.9.travel_foreigners
"Je suis norvegien, puis-je continuer de resider en France ?",06.9.travel_foreigners
Est-ce que les personnes PACSées peuvent se voir délivrer un visa ?,06.9.travel_foreigners
"Ma fille est avec moi, mais je suis seul titulaire d'un titre de séjour.",06.9.travel_foreigners
"Je suis ressortissant étranger, que faire ?",06.9.travel_foreigners
Est-ce que les ressortissants étrangers munis de titres de séjour peuvent rentrer en France ?,06.9.travel_foreigners
"De retour en France, le débarquement dans un aéroport français est permis pour les Français mais est-il permis pour leurs conjoints étrangers ?",06.9.travel_foreigners
"Je suis islandais, y'a t'il un accord spécifique ?",06.9.travel_foreigners
Dois-je avoir un titre de séjour pour chaque membre de ma famille ?,06.9.travel_foreigners
"Je suis ressortissant étranger,  et ai perdu mon visa comment rentrer en France ?",06.9.travel_foreigners
"Mon titre de séjour a expiré, que dois-je faire ?",06.9.travel_foreigners
Le retour en France est-il permis pour les étrangers s’ils résident en France /s’ils ne résident pas en France ?,06.9.travel_foreigners
Je suis monégasque puis-je aller sur Nice ?,06.9.travel_foreigners
"Je suis étranger, on m'a volé mon VISA, puis-je venir en France ?",06.9.travel_foreigners
Quel impact sur le PIB ?,10.1.Economy_Impact
Quelles sont les conséquences économiques pour la France ?,10.1.Economy_Impact
Il y a-t-il des conséquences économiques pour la France ?,10.1.Economy_Impact
Quelles sont les conséquences économiques pour la France en terme de PIB ?,10.1.Economy_Impact
Comment l'économie va réagir ?,10.1.Economy_Impact
Qui contacter si je suis malvoyant ?,10.2.Other_Contact_Disabilities
"Je suis sourd, comment puis-je m'informer ?",10.2.Other_Contact_Disabilities
"Je suis aveugle, comment puis-je m'informer ?",10.2.Other_Contact_Disabilities
Quel est le numéro pour les sourds ?,10.2.Other_Contact_Disabilities
"Je suis malvoyant, qui puis-je contacter ?",10.2.Other_Contact_Disabilities
Quel est le numéro pour les aveugles ?,10.2.Other_Contact_Disabilities
Quel est le numéro pour les malentendants ?,10.2.Other_Contact_Disabilities
"J'ai du mal à lire, où puis-je me renseigner ?",10.2.Other_Contact_Disabilities
"Je suis malentendant, comment puis-je m'informer ?",10.2.Other_Contact_Disabilities
"J'ai une déficience auditive, quelle est la procédure ?",10.2.Other_Contact_Disabilities
Comment puis-je m'impliquer d'avantage ? ,10.3.Other_Volunteering
Je veux aider les groupes à risque avec l'achat. Comment? Où devrais-je me tourner?,10.3.Other_Volunteering
Comment me porter volontaire ?,10.3.Other_Volunteering
"Je veux aider, je suis médecin, comment puis-je?",10.3.Other_Volunteering
"Je suis bénévole, comment aider ?",10.3.Other_Volunteering
Comment aider le personnel soignant ?,10.3.Other_Volunteering
Avez-vous besoin de volontaire dans le cadre de l'épidémie ?,10.3.Other_Volunteering
Je veux aider à faire des courses pour l'ancienne.,10.3.Other_Volunteering
J'ai une expérience dans le bénévolat qui pourrait être mis à profit,10.3.Other_Volunteering
"Je veux aider, je suis étudiant.",10.3.Other_Volunteering
"Je voudrais m'impliquer en tant que bénévole pour aider dans la situation actuelle, mais je ne sais pas quelles sont les options.",10.3.Other_Volunteering
Comment puis-je m'investir à titre personnel dans la lutte contre le covid-19 ?,10.3.Other_Volunteering
Je peux aller des personnes agées,10.3.Other_Volunteering
Je suis de la faculté d'enseignement et je veux aider.,10.3.Other_Volunteering
Comment aider ?,10.3.Other_Volunteering
Quelles associations puis-je aider ? ,10.3.Other_Volunteering
"J'ai du temps libre, comment puis-je aider ?",10.3.Other_Volunteering
Je suis un étudiant en médecine et je veux m'impliquer. Comment?,10.3.Other_Volunteering
Je veux aider avec la baby-sitter.,10.3.Other_Volunteering
Comment puis-je aider avec le Coronavirus ?,10.3.Other_Volunteering
Puis-je aller faire mes courses au supermarché ?,10.4.Business_Open_Closed
Quels sont les établissements soumis à l'obligation de fermeture ?,10.4.Business_Open_Closed
Puis-je aller au musée ? ,10.4.Business_Open_Closed
Puis-je aller faire réparer ma moto ? ,10.4.Business_Open_Closed
Quels magasins sont fermés ?,10.4.Business_Open_Closed
Quels sont les établissements autorisés à recevoir du public ?,10.4.Business_Open_Closed
Puis-je aller à la bibliothèque ?,10.4.Business_Open_Closed
Puis-je aller faire réparer ma voiture ? ,10.4.Business_Open_Closed
Dois-je fermer mon établissment ? ,10.4.Business_Open_Closed
Puis-je aller acheter des cartouches d'encre ? ,10.4.Business_Open_Closed
Dois-je fermer mon magasin ? ,10.4.Business_Open_Closed
Mon restaurant peut-il ouvrir ?,10.4.Business_Open_Closed
Quels magasins restent ouverts ? ,10.4.Business_Open_Closed
Puis-je aller faire mon marché ? ,10.4.Business_Open_Closed
Puis-je aller voir une exposition ?,10.4.Business_Open_Closed
Dois-je fermer mon restaurant ? ,10.4.Business_Open_Closed
Puis-je aller acheter un ordinateur ?,10.4.Business_Open_Closed
